Year,School Name,DBN,Pupil Teacher Ratio
2020,PS 015 ROBERTO CLEMENTE,01M015,8.3
2020,PS 019 ASHER LEVY,01M019,6
2020,PS 020 ANNA SILVER,01M020,12.4
2020,PS 034 FRANKLIN D ROOSEVELT,01M034,9
2020,THE STAR ACADEMY - PS63,01M063,9.8
2020,PS 064 ROBERT SIMON,01M064,10.7
2020,PS 110 FLORENCE NIGHTINGALE,01M110,16.3
2020,PS 134 HENRIETTA SZOLD,01M134,8.5
2020,PS 140 NATHAN STRAUS,01M140,10.2
2020,PS 142 AMALIA CASTRO,01M142,9.3
2020,PS 184M SHUANG WEN,01M184,13.3
2020,PS 188 THE ISLAND SCHOOL,01M188,10.9
2020,HENRY STREET SCHOOL FOR INTERNATIONAL STUDIES,01M292,11
2020,THE EAST VILLAGE COMMUNITY SCHOOL,01M315,14
2020,UNIVERSITY NEIGHBORHOOD MIDDLE SCHOOL,01M332,7.9
2020,THE CHILDREN'S WORKSHOP SCHOOL,01M361,12.4
2020,NEIGHBORHOOD SCHOOL,01M363,13.6
2020,EARTH SCHOOL,01M364,12.3
2020,SCHOOL FOR GLOBAL LEADERS,01M378,8.4
2020,UNIVERSITY NEIGHBORHOOD HIGH SCHOOL,01M448,14.9
2020,EAST SIDE COMMUNITY SCHOOL,01M450,13.5
2020,FORSYTH SATELLITE ACADEMY,01M458,10.4
2020,MARTA VALLE HIGH SCHOOL,01M509,8.2
2020,LOWER EAST SIDE PREPARATORY HIGH SCHOOL,01M515,15.6
2020,"NEW EXPLORATIONS INTO SCIENCE, TECHNOLOGY AND MATH HIGH SCHOOL",01M539,17.4
2020,CASCADES HIGH SCHOOL,01M650,13.1
2020,BARD HIGH SCHOOL EARLY COLLEGE,01M696,17
2020,TOMPKINS SQUARE MIDDLE SCHOOL,01M839,12.3
2020,PS 001 ALFRED E SMITH,02M001,10.2
2020,PS 002 MEYER LONDON,02M002,11.1
2020,PS 003 CHARRETTE SCHOOL,02M003,14.4
2020,PS 006 LILLIE D BLAKE,02M006,17.5
2020,PS 011 WILLIAM T HARRIS,02M011,15.9
2020,PS 033 CHELSEA PREP,02M033,16.2
2020,PS 040 AUGUSTUS SAINT-GAUDENS,02M040,17.7
2020,PS 041 GREENWICH VILLAGE,02M041,16
2020,PS 042 BENJAMIN ALTMAN,02M042,10.8
2020,47 THE AMERICAN SIGN LANGUAGE AND ENGLISH SECONDARY SCHOOL,02M047,8.7
2020,PS 051 ELIAS HOWE,02M051,13.5
2020,PS 059 BEEKMAN HILL INTERNATIONAL,02M059,15.5
2020,PS 77 LOWER LAB SCHOOL,02M077,20.6
2020,PS 89,02M089,14.5
2020,JHS 104 SIMON BARUCH,02M104,16.8
2020,PS 111 ADOLPH S OCHS,02M111,12.5
2020,EAST SIDE MIDDLE SCHOOL,02M114,15.7
2020,PS 116 MARY LINDLEY MURRAY,02M116,14.5
2020,PS 124 YUNG WING,02M124,15.2
2020,PS 126 JACOB AUGUST RIIS,02M126,13.4
2020,PS 130 HERNANDO DE SOTO,02M130,15.5
2020,MS 131,02M131,11.7
2020,THE URBAN ASSEMBLY SCHOOL FOR EMERGENCY MANAGEMENT,02M135,11.1
2020,STEPHEN T MATHER BUILDING ARTS & CRAFTSMANSHIP HIGH SCHOOL,02M139,10.8
2020,PS 150,02M150,20
2020,YORKVILLE COMMUNITY SCHOOL,02M151,13.3
2020,PS 158 BAYARD TAYLOR,02M158,16.2
2020,JHS 167 ROBERT F WAGNER,02M167,15.3
2020,YORKVILLE EAST MIDDLE SCHOOL,02M177,11.6
2020,PS 183 ROBERT L STEVENSON,02M183,15.5
2020,PS 198 ISADOR E IDA STRAUS,02M198,13.5
2020,PS 212 MIDTOWN WEST,02M212,18.6
2020,PS/IS 217 ROOSEVELT ISLAND,02M217,15.2
2020,ELLA BAKER SCHOOL,02M225,12.6
2020,PS 234 INDEPENDENCE SCHOOL,02M234,13.8
2020,MS 255 SALK SCHOOL OF SCIENCE,02M255,15.8
2020,MS 260 CLINTON SCHOOL WRITERS & ARTISTS,02M260,15.3
2020,"EAST SIDE ELEMENTARY SCHOOL, PS 267",02M267,15.4
2020,BATTERY PARK CITY SCHOOL,02M276,14
2020,MANHATTAN EARLY COLLEGE SCHOOL FOR ADVERTISING,02M280,12.6
2020,THE RIVER SCHOOL,02M281,13.9
2020,URBAN ASSEMBLY MAKER ACADEMY,02M282,13.2
2020,FOOD AND FINANCE HIGH SCHOOL,02M288,12.8
2020,IS 289,02M289,15.2
2020,PS 290 MANHATTAN NEW SCHOOL,02M290,14.2
2020,ESSEX STREET ACADEMY,02M294,13.3
2020,HIGH SCHOOL OF HOSPITALITY MANAGEMENT,02M296,12.4
2020,MS 297,02M297,14.3
2020,PACE HIGH SCHOOL,02M298,13.7
2020,"URBAN ASSEMBLY SCHOOL OF DESIGN AND CONSTRUCTION, THE",02M300,11.5
2020,"FACING HISTORY SCHOOL, THE",02M303,12.2
2020,"URBAN ASSEMBLY ACADEMY OF GOVERNMENT AND LAW, THE",02M305,13.6
2020,LOWER MANHATTAN ARTS ACADEMY,02M308,12.9
2020,NEW YORK CITY LAB MIDDLE SCHOOL FOR COLLABORATIVE STUDIES,02M312,15.6
2020,"JAMES BALDWIN SCHOOL, THE: A SCHOOL FOR EXPEDITIONARY LEARNING",02M313,11.3
2020,"URBAN ASSEMBLY SCHOOL OF BUSINESS FOR YOUNG WOMEN, THE",02M316,13.1
2020,SIXTH AVENUE ELEMENTARY SCHOOL,02M340,12.6
2020,THE PECK SLIP SCHOOL,02M343,13
2020,THE 47 AMERICAN SIGN LANGUAGE & ENGLISH LOWER SCHOOL,02M347,3.6
2020,GRAMERCY ARTS HIGH SCHOOL,02M374,15.2
2020,NYC ISCHOOL,02M376,14.3
2020,MANHATTAN BUSINESS ACADEMY,02M392,13.2
2020,BUSINESS OF SPORTS SCHOOL,02M393,12.4
2020,EMMA LAZARUS HIGH SCHOOL,02M394,15.7
2020,SPRUCE STREET SCHOOL,02M397,14.2
2020,THE HIGH SCHOOL FOR LANGUAGE AND DIPLOMACY,02M399,15
2020,HIGH SCHOOL FOR ENVIRONMENTAL STUDIES,02M400,16.3
2020,INSTITUTE FOR COLLABORATIVE EDUCATION,02M407,16
2020,PROFESSIONAL PERFORMING ARTS HIGH SCHOOL,02M408,19.1
2020,BARUCH COLLEGE CAMPUS HIGH SCHOOL,02M411,18.7
2020,NYC LAB SCHOOL FOR COLLABORATIVE STUDIES,02M412,12.2
2020,SCHOOL OF THE FUTURE HIGH SCHOOL,02M413,14.3
2020,NYC MUSEUM SCHOOL,02M414,14.9
2020,ELEANOR ROOSEVELT HIGH SCHOOL,02M416,16.9
2020,MILLENNIUM HIGH SCHOOL,02M418,17.2
2020,LANDMARK HIGH SCHOOL,02M419,15
2020,HIGH SCHOOL FOR HEALTH PROFESSIONS AND HUMAN SERVICES,02M420,19.1
2020,QUEST TO LEARN,02M422,12.7
2020,LEADERSHIP AND PUBLIC SERVICE HIGH SCHOOL,02M425,13.5
2020,MANHATTAN ACADEMY FOR ARTS & LANGUAGE,02M427,12.9
2020,MURRAY HILL ACADEMY,02M432,10.4
2020,HUDSON HIGH SCHOOL OF LEARNING TECHNOLOGIES,02M437,14.1
2020,INTERNATIONAL HIGH SCHOOL AT UNION SQUARE,02M438,13.5
2020,MANHATTAN VILLAGE ACADEMY,02M439,15.9
2020,"BALLET TECH, NYC PUBLIC SCHOOL FOR DANCE",02M442,13.5
2020,VANGUARD HIGH SCHOOL,02M449,13.6
2020,MANHATTAN INTERNATIONAL HIGH SCHOOL,02M459,13.6
2020,STUYVESANT HIGH SCHOOL,02M475,22
2020,HIGH SCHOOL OF ECONOMICS AND FINANCE,02M489,15.3
2020,UNITY CENTER FOR URBAN TECHNOLOGIES,02M500,15.5
2020,URBAN ASSEMBLY GATEWAY SCHOOL FOR TECHNOLOGY,02M507,12.8
2020,TALENT UNLIMITED HIGH SCHOOL,02M519,14.4
2020,MURRY BERGTRAUM HIGH SCHOOL FOR BUSINESS CAREERS,02M520,9.5
2020,PS 527 - EAST SIDE SCHOOL FOR SOCIAL ACTION,02M527,14.7
2020,JACQUELINE KENNEDY ONASSIS HIGH SCHOOL,02M529,10.1
2020,REPERTORY COMPANY HIGH SCHOOL FOR THEATRE ARTS,02M531,14.8
2020,UNION SQUARE ACADEMY FOR HEALTH SCIENCES,02M533,12.9
2020,HARVEST COLLEGIATE HIGH SCHOOL,02M534,13.3
2020,MANHATTAN BRIDGES HIGH SCHOOL,02M542,15.3
2020,NEW DESIGN HIGH SCHOOL,02M543,11.7
2020,INDEPENDENCE HIGH SCHOOL,02M544,17.6
2020,HIGH SCHOOL FOR DUAL LANGUAGE AND ASIAN STUDIES,02M545,16.8
2020,ACADEMY FOR SOFTWARE ENGINEERING,02M546,11.9
2020,LIBERTY HIGH SCHOOL ACADEMY FOR NEWCOMERS,02M550,15.2
2020,URBAN ASSEMBLY NEW YORK HARBOR SCHOOL,02M551,13.3
2020,HIGH SCHOOL M560 - CITY AS SCHOOL,02M560,14
2020,URBAN ACADEMY LABORATORY HIGH SCHOOL,02M565,9.1
2020,SATELLITE ACADEMY HIGH SCHOOL,02M570,13.5
2020,MANHATTAN COMPREHENSIVE NIGHT AND DAY HIGH SCHOOL,02M575,17.7
2020,RICHARD R GREEN HIGH SCHOOL OF TEACHING,02M580,14.5
2020,HARVEY MILK HIGH SCHOOL,02M586,7.8
2020,THE HIGH SCHOOL OF FASHION INDUSTRIES,02M600,16.1
2020,HUMANITIES PREPARATORY ACADEMY,02M605,13.5
2020,CHELSEA CAREER AND TECHNICAL EDUCATION HIGH SCHOOL,02M615,12.9
2020,ART AND DESIGN HIGH SCHOOL,02M630,15.7
2020,LIFE SCIENCES SECONDARY SCHOOL,02M655,12.2
2020,LOWER MANHATTAN COMMUNITY MIDDLE SCHOOL,02M896,12.3
2020,CITY KNOLL MIDDLE SCHOOL,02M933,11.6
2020,PS 009 SARAH ANDERSON,03M009,15
2020,JHS 054 BOOKER T WASHINGTON,03M054,15.5
2020,PS 075 EMILY DICKINSON,03M075,7.2
2020,PS 076 A PHILIP RANDOLPH,03M076,15.5
2020,PS 084 LILLIAN WEBER,03M084,13.4
2020,PS 087 WILLIAM SHERMAN,03M087,15.6
2020,"PS 145, THE BLOOMINGDALE SCHOOL",03M145,11.7
2020,PS 149 SOJOURNER TRUTH,03M149,8.9
2020,PS 163 ALFRED E SMITH,03M163,12
2020,PS 165 ROBERT E SIMON,03M165,11.8
2020,PS 166 THE RICHARD RODGERS SCHOOL OF THE ARTS AND TECHNOLOGY,03M166,17.4
2020,PS 180 HUGO NEWMAN,03M180,12
2020,PS 185 - THE EARLY CHILDHOOD DISCOVERY AND DESIGN MAGNET SCHOOL,03M185,12.6
2020,PS 191 AMSTERDAM,03M191,10.1
2020,PS 199 JESSIE ISADOR STRAUS,03M199,14.9
2020,STEM INSTITUTE OF MANHATTAN,03M241,6.8
2020,PS 242 - THE YOUNG DIPLOMATS MAGNET ACADEMY,03M242,7.3
2020,MS 243 CENTER SCHOOL,03M243,17.2
2020,MS M245 THE COMPUTER SCHOOL,03M245,15.1
2020,MS M247 DUAL LANGUAGE MIDDLE SCHOOL,03M247,10.5
2020,MS 250 WEST SIDE COLLABORATIVE MIDDLE SCHOOL,03M250,9.9
2020,MS 256 ACADEMIC & ATHLETIC EXCELLENCE,03M256,8.9
2020,COMMUNITY ACTION SCHOOL - MS 258,03M258,11.8
2020,WEST END SECONDARY SCHOOL OF URBAN STUDIES,03M291,15.1
2020,"HIGH SCHOOL FOR ARTS, IMAGINATION AND INQUIRY",03M299,11.3
2020,"URBAN ASSEMBLY SCHOOL FOR MEDIA STUDIES, THE",03M307,14.4
2020,PS 333 MANHATTAN SCHOOL FOR CHILDREN,03M333,14.4
2020,THE ANDERSON SCHOOL,03M334,18.5
2020,THE URBAN ASSEMBLY SCHOOL FOR GREEN CAREERS,03M402,10.8
2020,THE GLOBAL LEARNING COLLABORATIVE,03M403,13.2
2020,INNOVATION DIPLOMA PLUS,03M404,12.8
2020,WADLEIGH SECONDARY SCHOOL FOR THE PERFORMING & VISUAL ARTS,03M415,9
2020,FRANK MCCOURT HIGH SCHOOL,03M417,16.1
2020,WEST PREP ACADEMY,03M421,10.8
2020,PS 452,03M452,14.4
2020,BEACON HIGH SCHOOL,03M479,20.2
2020,FIORELLO H LAGUARDIA HIGH SCHOOL OF MUSIC & ART AND PERFORMING ARTS,03M485,18.3
2020,"HIGH SCHOOL FOR LAW, ADVOCACY AND COMMUNITY JUSTICE",03M492,14.2
2020,HIGH SCHOOL OF ARTS AND TECHNOLOGY,03M494,12.3
2020,EDWARD A REYNOLDS WEST SIDE HIGH SCHOOL,03M505,9.7
2020,MANHATTAN / HUNTER SCIENCE HIGH SCHOOL,03M541,17.2
2020,SPECIAL MUSIC SCHOOL,03M859,12.1
2020,FREDERICK DOUGLASS ACADEMY II SECONDARY SCHOOL,03M860,10.8
2020,MOTT HALL II,03M862,14.2
2020,PS 007 SAMUEL STERN,04M007,10
2020,TAG YOUNG SCHOLARS,04M012,23.2
2020,RIVER EAST ELEMENTARY,04M037,10.6
2020,PS 38 ROBERTO CLEMENTE,04M038,9.5
2020,JAMES WELDON JOHNSON,04M057,10.3
2020,THE LEXINGTON ACADEMY,04M072,10.6
2020,PS 083 LUIS MUNOZ RIVERA,04M083,12.3
2020,PS 096 JOSEPH LANZETTA,04M096,9.9
2020,PS 102 JACQUES CARTIER,04M102,7.8
2020,PS 108 ASSEMBLYMAN ANGELO DEL TORO EDUCATIONAL COMPLEX,04M108,10
2020,PS 112 JOSE CELSO BARBOSA,04M112,4.9
2020,PS 146 ANN M SHORT,04M146,10.8
2020,PS 155 WILLIAM PACA,04M155,9.8
2020,PS 171 PATRICK HENRY,04M171,15.5
2020,THE BILINGUAL BICULTURAL SCHOOL,04M182,8.9
2020,PS 206 JOSE CELSO BARBOSA,04M206,5.1
2020,MS 224 MANHATTAN EAST SCHOOL FOR ARTS & ACADEMICS,04M224,12.8
2020,THE JUDITH S KAYE HIGH SCHOOL,04M310,13
2020,ESPERANZA PREPARATORY ACADEMY,04M372,10.5
2020,MOSAIC PREPARATORY ACADEMY,04M375,9.2
2020,RENAISSANCE SCHOOL OF THE ARTS,04M377,11.5
2020,MANHATTAN CENTER FOR SCIENCE AND MATHEMATICS,04M435,18.8
2020,PARK EAST HIGH SCHOOL,04M495,11.8
2020,CENTRAL PARK EAST I,04M497,11.8
2020,CENTRAL PARK EAST HIGH SCHOOL,04M555,16.2
2020,YOUNG WOMEN'S LEADERSHIP SCHOOL,04M610,15
2020,"HERITAGE SCHOOL, THE",04M680,13.1
2020,ISAAC NEWTON MIDDLE SCHOOL FOR MATH & SCIENCE,04M825,12.7
2020,CENTRAL PARK EAST II,04M964,11.2
2020,PS 030 HERNANDEZ/HUGHES,05M030,6.8
2020,PS 036 MARGARET DOUGLAS,05M036,9.5
2020,PS 046 ARTHUR TAPPAN,05M046,11.7
2020,PS 092 MARY MCLEOD BETHUNE,05M092,11.4
2020,PS 123 MAHALIA JACKSON,05M123,10
2020,PS 125 RALPH BUNCHE,05M125,13.8
2020,PS 129 JOHN H FINLEY,05M129,10.7
2020,PS 133 FRED R MOORE,05M133,7.1
2020,EAGLE ACADEMY FOR YOUNG MEN OF HARLEM,05M148,10.2
2020,PS 154 HARRIET TUBMAN,05M154,8.8
2020,THE URBAN ASSEMBLY SCHOOL FOR GLOBAL COMMERCE,05M157,9.1
2020,PS 161 PEDRO ALBIZU CAMPOS,05M161,10.9
2020,PS 175 HENRY H GARNET,05M175,12.8
2020,PS 194 COUNTEE CULLEN,05M194,8.6
2020,PS 197 JOHN B RUSSWURM,05M197,9.4
2020,PS 200- THE JAMES MCCUNE SMITH SCHOOL,05M200,11.1
2020,HARLEM RENAISSANCE HIGH SCHOOL,05M285,12.4
2020,IS M286 RENAISSANCE LEADERSHIP ACADEMY,05M286,6.2
2020,MOTT HALL HIGH SCHOOL,05M304,12.6
2020,THURGOOD MARSHALL ACADEMY LOWER SCHOOL,05M318,13.2
2020,COLUMBIA SECONDARY SCHOOL,05M362,15.1
2020,URBAN ASSEMBLY SCHOOL FOR THE PERFORMING ARTS,05M369,14.5
2020,FREDERICK DOUGLASS ACADEMY,05M499,14.1
2020,NEW DESIGN MIDDLE SCHOOL,05M514,6.6
2020,TEACHERS COLLEGE COMMUNITY SCHOOL,05M517,12.8
2020,THURGOOD MARSHALL ACADEMY FOR LEARNING AND SOCIAL CHANGE,05M670,12.8
2020,"HIGH SCHOOL FOR MATHEMATICS, SCIENCE AND ENGINEERING AT CITY COLLEGE",05M692,15.6
2020,PS 004 DUKE ELLINGTON,06M004,12.4
2020,PS 005 ELLEN LURIE,06M005,11.2
2020,PS 008 LUIS BELLIARD,06M008,12.3
2020,PS 018 PARK TERRACE,06M018,13.2
2020,PS 028 WRIGHT BROTHERS,06M028,10.4
2020,PS 048 PO MICHAEL J BUCZEK,06M048,10.3
2020,JHS 052 INWOOD,06M052,10.4
2020,PS 098 SHORAC KAPPOCK,06M098,11.2
2020,DOS PUENTES ELEMENTARY SCHOOL,06M103,13
2020,PS 115 ALEXANDER HUMBOLDT,06M115,13
2020,PS 128 AUDUBON,06M128,11.9
2020,PS 132 JUAN PABLO DUARTE,06M132,9.3
2020,JHS 143 ELEANOR ROOSEVELT,06M143,9.5
2020,PS 152 DYCKMAN VALLEY,06M152,12.5
2020,PS 153 ADAM CLAYTON POWELL,06M153,14.4
2020,PS 173,06M173,12.3
2020,PROFESSOR JUAN BOSCH PUBLIC SCHOOL,06M178,9.4
2020,PS/IS 187 HUDSON CLIFFS,06M187,15.4
2020,PS 189,06M189,12.7
2020,PS 192 JACOB H SCHIFF,06M192,11.4
2020,HAMILTON GRANGE MIDDLE SCHOOL,06M209,11.1
2020,PS/IS 210 - TWENTY-FIRST CENTURY ACADEMY FOR COMMUNITY LEADERSHIP,06M210,11.8
2020,INWOOD EARLY COLLEGE FOR HEALTH AND INFORMATION TECHNOLOGIES,06M211,12.8
2020,THE MOTT HALL SCHOOL,06M223,13.9
2020,PAULA HEDBAVNY SCHOOL,06M278,14
2020,CITY COLLEGE ACADEMY OF THE ARTS,06M293,15.7
2020,AMISTAD DUAL LANGUAGE SCHOOL,06M311,12
2020,MUSCOTA,06M314,15.9
2020,MS 319 - MARIA TERESA,06M319,14.1
2020,MIDDLE SCHOOL 322,06M322,9.4
2020,MS 324 - PATRIA MIRABAL,06M324,11.7
2020,MS 328 - MANHATTAN MIDDLE SCHOOL FOR SCIENTIFIC INQUIRY,06M328,9
2020,COMMUNITY HEALTH ACADEMY OF THE HEIGHTS,06M346,12.9
2020,WASHINGTON HEIGHTS EXPEDITIONARY LEARNING SCHOOL,06M348,12.8
2020,HARBOR HEIGHTS,06M349,11.6
2020,WASHINGTON HEIGHTS ACADEMY,06M366,18.4
2020,HAMILTON HEIGHTS SCHOOL,06M368,10
2020,HIGH SCHOOL FOR EXCELLENCE AND INNOVATION,06M423,9.7
2020,THE COLLEGE ACADEMY,06M462,13.6
2020,HIGH SCHOOL FOR MEDIA AND COMMUNICATIONS,06M463,13.3
2020,HIGH SCHOOL FOR LAW AND PUBLIC SERVICE,06M467,16.7
2020,HIGH SCHOOL FOR HEALTH CAREERS AND SCIENCES,06M468,11.7
2020,CASTLE BRIDGE SCHOOL,06M513,8.9
2020,IS 528 BEA FULLER RODGERS SCHOOL,06M528,14.8
2020,A PHILIP RANDOLPH CAMPUS HIGH SCHOOL,06M540,15.2
2020,GREGORIO LUPERON HIGH SCHOOL FOR SCIENCE AND MATHEMATICS,06M552,16.7
2020,PS 001 COURTLANDT SCHOOL,07X001,12.5
2020,PS 5 PORT MORRIS,07X005,10.8
2020,PS 018 JOHN PETER ZENGER,07X018,11.3
2020,PS 025 BILINGUAL SCHOOL,07X025,9.8
2020,PS/MS 029 MELROSE SCHOOL,07X029,12.5
2020,PS 030 WILTON,07X030,11.7
2020,PS/MS 031 THE WILLIAM LLOYD GARRISON,07X031,11.9
2020,PS 043 JONAS BRONCK,07X043,10.8
2020,PS 049 WILLIS AVENUE,07X049,10.4
2020,PS 065 MOTHER HALE ACADEMY,07X065,10.6
2020,JHS 151 LOU GEHRIG,07X151,8.2
2020,PS 154 JONATHAN D HYATT,07X154,9.8
2020,PS 157 GROVE HILL,07X157,12.3
2020,PS 161 PONCE DE LEON,07X161,11.5
2020,PS 179,07X179,12.6
2020,SOUTH BRONX PREPARATORY: A COLLEGE BOARD SCHOOL,07X221,12.3
2020,MS 223 THE LABORATORY SCHOOL OF FINANCE AND TECHNOLOGY,07X223,13.8
2020,PS / IS 224,07X224,10.7
2020,"HERO HIGH (HEALTH, EDUCATION, AND RESEARCH OCCUPATIONS HIGH SCHOOL)",07X259,11.9
2020,PS 277,07X277,10.9
2020,SOUTH BRONX ACADEMY FOR APPLIED MEDIA,07X296,9.5
2020,ACADEMY OF PUBLIC RELATIONS,07X298,7.3
2020,INTERNATIONAL COMMUNITY HIGH SCHOOL,07X334,14.2
2020,ACADEMY OF APPLIED MATHEMATICS AND TECHNOLOGY,07X343,13.2
2020,CONCOURSE VILLAGE ELEMENTARY SCHOOL,07X359,12.5
2020,YOUNG LEADERS ELEMENTARY SCHOOL,07X369,8.9
2020,JILL CHAIFETZ TRANSFER HIGH SCHOOL,07X379,13.4
2020,BRONX HAVEN HIGH SCHOOL,07X381,10.7
2020,COMMUNITY SCHOOL FOR SOCIAL JUSTICE,07X427,12.2
2020,MOTT HAVEN VILLAGE PREPARATORY HIGH SCHOOL,07X473,10.9
2020,UNIVERSITY HEIGHTS SECONDARY SCHOOL,07X495,22.8
2020,HOSTOS-LINCOLN ACADEMY OF SCIENCE,07X500,14.4
2020,BRONX DESIGN AND CONSTRUCTION ACADEMY,07X522,8.9
2020,BRONX LEADERSHIP ACADEMY II HIGH SCHOOL,07X527,11.7
2020,URBAN ASSEMBLY SCHOOL FOR CAREERS IN SPORTS,07X548,13
2020,THE URBAN ASSEMBLY BRONX ACADEMY OF LETTERS,07X551,10
2020,MOTT HAVEN COMMUNITY HIGH SCHOOL,07X557,10.8
2020,IS 584,07X584,10.7
2020,ALFRED E SMITH CAREER AND TECHNICAL EDUCATION HIGH SCHOOL,07X600,11.8
2020,HEALTH OPPORTUNITIES HIGH SCHOOL,07X670,14.3
2020,PS X014 SENATOR JOHN CALANDRA,08X014,16.8
2020,PS 036 UNIONPORT,08X036,14.4
2020,PS 048 JOSEPH R DRAKE,08X048,11.8
2020,PS 062 INOCENSIO CASANOVA,08X062,12.4
2020,PS 069 JOURNEY PREP SCHOOL,08X069,14.6
2020,PS 071 ROSE E SCALA,08X071,13.6
2020,PS 072 DR WILLIAM DORNEY,08X072,15
2020,PS 75 SCHOOL OF RESEARCH AND DISCOVERY,08X075,14.1
2020,PS 093 ALBERT G OLIVER,08X093,10.8
2020,PS 100 ISAAC CLASON,08X100,13
2020,MS X101 EDWARD R BYRNE,08X101,13.3
2020,PS 107,08X107,13.3
2020,PS 119,08X119,15
2020,JHS 123 JAMES M KIERAN,08X123,11.7
2020,PS 130 ABRAM STEVENS HEWITT,08X130,11.7
2020,JHS 131 ALBERT EINSTEIN,08X131,13.7
2020,PS 138 SAMUEL RANDALL,08X138,14.4
2020,PS X140 THE EAGLE SCHOOL,08X140,12.4
2020,PS 146 EDWARD COLLINS,08X146,13.7
2020,PS 152 EVERGREEN,08X152,12.5
2020,PS 182,08X182,14.6
2020,BRONX STUDIO SCHOOL FOR WRITERS AND ARTISTS,08X269,11.6
2020,WOMEN'S ACADEMY OF EXCELLENCE,08X282,10.7
2020,RENAISSANCE HIGH SCHOOL FOR MUSICAL THEATER & TECHNOLOGY,08X293,14.1
2020,MS 301 PAUL L DUNBAR,08X301,10.1
2020,MS 302 LUISA DESSUS CRUZ,08X302,12.3
2020,PS 304 EARLY CHILDHOOD SCHOOL,08X304,16.2
2020,MILLENNIUM ART ACADEMY,08X312,11.5
2020,PELHAM LAB HIGH SCHOOL,08X320,11.4
2020,PS 333 - THE MUSEUM SCHOOL,08X333,11.7
2020,THE SCHOOL FOR INQUIRY AND SOCIAL JUSTICE,08X337,12.2
2020,SCHUYLERVILLE PREPARATORY HIGH SCHOOL,08X348,14
2020,BRONX RIVER HIGH SCHOOL,08X349,12.9
2020,"ARCHIMEDES ACADEMY FOR MATH, SCIENCE AND TECHNOLOGY APPLICATIONS",08X367,13.6
2020,URBAN INSTITUTE OF MATHEMATICS,08X371,13.4
2020,THE BRONX MATHEMATICS PREPARATORY SCHOOL,08X375,9.8
2020,ANTONIA PANTOJA PREPARATORY ACADEMY: A COLLEGE BOARD SCHOOL,08X376,13.1
2020,BRONX COMMUNITY HIGH SCHOOL,08X377,9.5
2020,BRONX DELTA SCHOOL,08X392,12
2020,HERBERT H LEHMAN HIGH SCHOOL,08X405,13.2
2020,THE HUNTS POINT SCHOOL,08X424,9.9
2020,BRONX BRIDGES HIGH SCHOOL,08X432,10.7
2020,SOUNDVIEW ACADEMY FOR CULTURE AND SCHOLARSHIP,08X448,12.1
2020,BRONX GUILD,08X452,10.2
2020,MOTT HALL COMMUNITY SCHOOL,08X467,12.5
2020,BANANA KELLY HIGH SCHOOL,08X530,10.1
2020,BRONX ARENA HIGH SCHOOL,08X537,10.8
2020,WESTCHESTER SQUARE ACADEMY,08X558,12.3
2020,SCHOOL FOR TOURISM AND HOSPITALITY,08X559,10
2020,BRONX COMPASS HIGH SCHOOL,08X561,12.3
2020,BLUEPRINT MIDDLE SCHOOL,08X562,11.8
2020,PS 583,08X583,17.2
2020,PS/MS 004 CROTONA PARK WEST,09X004,10.2
2020,PS 011 HIGHBRIDGE,09X011,11.9
2020,JHS 022 JORDAN L MOTT,09X022,7.9
2020,PS 028 MOUNT HOPE,09X028,11.5
2020,PS 035 FRANZ SIEGEL,09X035,11.1
2020,PS 042 CLAREMONT,09X042,9.9
2020,PS 053 BASHEER QUISIM,09X053,12.1
2020,PS 055 BENJAMIN FRANKLIN,09X055,12.7
2020,PS 058,09X058,12
2020,PS 063 AUTHOR'S ACADEMY,09X063,12.7
2020,PS 070 MAX SCHOENFELD,09X070,12.3
2020,PS 073 BRONX,09X073,13.8
2020,PS X088 - S SILVERSTEIN LITTLE SPARROW SCHOOL,09X088,10.3
2020,PS 109 SEDGWICK,09X109,11.1
2020,PS 110 THEODORE SCHOENFELD,09X110,14.6
2020,PS X114 - LUIS LLORENS TORRES SCHOOLS,09X114,11.4
2020,IS 117 JOSEPH H WADE,09X117,10.5
2020,PS 126 DR MARJORIE H DUNBAR,09X126,13.9
2020,MOTT HALL III,09X128,16.4
2020,PS 132 GARRET A MORGAN,09X132,10.9
2020,PS 163 ARTHUR A SCHOMBURG,09X163,10.4
2020,PS 170,09X170,10.5
2020,PS 199X - THE SHAKESPEARE SCHOOL,09X199,13.7
2020,PS 204 MORRIS HEIGHTS,09X204,14.9
2020,KAPPA,09X215,11.9
2020,PS/IS 218 RAFAEL HERNANDEZ DUAL LANGUAGE MAGNET SCHOOL,09X218,16
2020,IS 219 NEW VENTURE SCHOOL,09X219,9.5
2020,BRONX COLLEGIATE ACADEMY,09X227,13.1
2020,IS 229 ROLAND PATTERSON,09X229,8.3
2020,EAGLE ACADEMY FOR YOUNG MEN,09X231,13.8
2020,IS 232,09X232,12.3
2020,PS 236 LANGSTON HUGHES,09X236,11.6
2020,"URBAN ASSEMBLY SCHOOL FOR APPLIED MATH AND SCIENCE, THE",09X241,9.3
2020,EXIMIUS COLLEGE PREPARATORY ACADEMY: A COLLEGE BOARD SCHOOL,09X250,13.1
2020,MOTT HALL BRONX HIGH SCHOOL,09X252,12.1
2020,BRONX CENTER FOR SCIENCE AND MATHEMATICS,09X260,14.5
2020,VALIDUS PREPARATORY ACADEMY: AN EXPEDITIONARY LEARNING SCHOOL,09X263,15.2
2020,THE NEW AMERICAN ACADEMY AT ROBERTO CLEMENTE STATE PARK,09X274,10
2020,THE WALTON AVENUE SCHOOL,09X294,10.9
2020,MORRIS ACADEMY FOR COLLABORATIVE STUDIES,09X297,11.7
2020,IS X303 LEADERSHIP & COMMUNITY SERVICE,09X303,9.8
2020,LUCERO ELEMENTARY SCHOOL,09X311,11.1
2020,IS 313 SCHOOL OF LEADERSHIP DEVELOPMENT,09X313,8.1
2020,BRONX WRITING ACADEMY,09X323,10
2020,BRONX EARLY COLLEGE ACADEMY FOR TEACHING & LEARNING,09X324,12.6
2020,COMPREHENSIVE MODEL SCHOOL PROJECT MS 327,09X327,13.2
2020,NEW MILLENNIUM BUSINESS ACADEMY MIDDLE SCHOOL,09X328,11.2
2020,DREAMYARD PREPARATORY SCHOOL,09X329,11.9
2020,IS 339,09X339,7.1
2020,NEW DIRECTIONS SECONDARY SCHOOL,09X350,8.2
2020,THE HIGHBRIDGE GREEN SCHOOL,09X361,10.5
2020,ACADEMY FOR LANGUAGE AND TECHNOLOGY,09X365,12.7
2020,BRONX INTERNATIONAL HIGH SCHOOL,09X403,11.9
2020,SCHOOL FOR EXCELLENCE,09X404,11.4
2020,BRONX HIGH SCHOOL OF BUSINESS,09X412,10.4
2020,BRONX HIGH SCHOOL FOR MEDICAL SCIENCE,09X413,11.7
2020,THE FAMILY SCHOOL,09X443,12.7
2020,GRANT AVENUE ELEMENTARY SCHOOL,09X449,11.2
2020,SCIENCE AND TECHNOLOGY ACADEMY: A MOTT HALL SCHOOL,09X454,11.3
2020,SHERIDAN ACADEMY FOR YOUNG LEADERS,09X457,14.5
2020,"BRONX SCHOOL FOR LAW, GOVERNMENT AND JUSTICE",09X505,12.4
2020,FREDERICK DOUGLASS ACADEMY III SECONDARY SCHOOL,09X517,10.8
2020,BRONX LEADERSHIP ACADEMY HIGH SCHOOL,09X525,11.7
2020,HIGH SCHOOL FOR VIOLIN AND DANCE,09X543,12.9
2020,MOUNT EDEN CHILDREN'S ACADEMY,09X555,15.2
2020,CLAREMONT INTERNATIONAL HS,09X564,13.1
2020,YOUNG WOMEN'S LEADERSHIP SCHOOL OF THE BRONX,09X568,15.2
2020,SOUTH BRONX INTERNATIONAL MS,09X593,9
2020,MS 594,09X594,10.4
2020,PS 3 RAUL JULIA MICRO SOCIETY,10X003,14.2
2020,MILTON FEIN SCHOOL,10X007,15.1
2020,PS 008 ISSAC VARIAN,10X008,13
2020,PS 9 RYER AVENUE ELEMENTARY SCHOOL,10X009,13.3
2020,PS X015 INSTITUTE FOR ENVIRONMENTAL LEARNING,10X015,14.6
2020,"PS/MS 20 POGEORGE J WERDANN, III",10X020,12.7
2020,PS 023 THE NEW CHILDREN'S SCHOOL,10X023,12.9
2020,PS 024 SPUYTEN DUYVIL,10X024,17.3
2020,PS 032 BELMONT,10X032,12.3
2020,PS 033 TIMOTHY DWIGHT,10X033,15.1
2020,PS X037 - MULTIPLE INTELLIGENCE SCHOOL,10X037,14.5
2020,THOMAS C GIORDANO MIDDLE SCHOOL 45,10X045,13.3
2020,PS 046 EDGAR ALLAN POE,10X046,13.8
2020,PS 051 BRONX NEW SCHOOL,10X051,14.8
2020,PS / IS 54,10X054,13.2
2020,PS 056 NORWOOD HEIGHTS,10X056,15
2020,PS 059 THE COMMUNITY SCHOOL OF TECHNOLOGY,10X059,12.4
2020,BEDFORD PARK ELEMENTARY SCHOOL,10X077,14.9
2020,JHS 080 THE MOSHOLU PARKWAY,10X080,15.6
2020,PS 081 ROBERT J CHRISTEN,10X081,15.5
2020,PS 085 GREAT EXPECTATIONS,10X085,12.3
2020,PS 086 KINGSBRIDGE HEIGHTS,10X086,14.1
2020,PS 091 BRONX,10X091,12.1
2020,PS 094 KINGS COLLEGE SCHOOL,10X094,11.6
2020,PS 095 SHEILA MENCHER,10X095,14.3
2020,JHS 118 WILLIAM W NILES,10X118,12.8
2020,RIVERDALE / KINGSBRIDGE ACADEMY (MIDDLE SCHOOL / HIGH SCHOOL 141),10X141,15.2
2020,PS 159 LUIS MUNOZ MARIN BILING,10X159,14.9
2020,PS 205 FIORELLO LAGUARDIA,10X205,13.5
2020,IS 206 ANN MERSEREAU,10X206,12
2020,PS 207,10X207,12.2
2020,PS 209,10X209,12.8
2020,BRONX ENGINEERING AND TECHNOLOGY ACADEMY,10X213,12.2
2020,THEATRE ARTS PRODUCTION COMPANY SCHOOL,10X225,11.3
2020,PS 226,10X226,13.1
2020,JONAS BRONCK ACADEMY,10X228,13.4
2020,"THE MARIE CURIE SCHOOL FOR MEDICINE, NURSING, AND HEALTH PROFESSIONS",10X237,12.9
2020,WEST BRONX ACADEMY FOR THE FUTURE,10X243,11.8
2020,THE NEW SCHOOL FOR LEADERSHIP AND JOURNALISM,10X244,14.3
2020,PS 246 POE CENTER,10X246,10.8
2020,IS 254,10X254,12.5
2020,BRONX ACADEMY FOR SOFTWARE ENGINEERING (BASE),10X264,10.8
2020,KINGSBRIDGE INTERNATIONAL HIGH SCHOOL,10X268,13.4
2020,"PS 279 CAPTAIN MANUEL RIVERA, JR",10X279,13.3
2020,PS/MS 280 MOSHOLU PARKWAY,10X280,12.6
2020,BRONX SCHOOL OF LAW AND FINANCE,10X284,15.5
2020,PS 291,10X291,13.7
2020,PS 306,10X306,13.9
2020,LUISA PINEIRO FUENTES SCHOOL OF SCIENCE AND DISCOVERY,10X307,10.8
2020,BRONX DANCE ACADEMY SCHOOL,10X308,13.7
2020,PS 310 MARBLE HILL,10X310,13.8
2020,PS 315 LAB SCHOOL,10X315,16.1
2020,PROVIDING URBAN LEARNERS SUCCESS IN EDUCATION HIGH SCHOOL,10X319,15.3
2020,THE BRONX SCHOOL OF YOUNG LEADERS,10X331,12.7
2020,PS 340,10X340,13.2
2020,INTERNATIONAL SCHOOL FOR LIBERAL ARTS,10X342,10.5
2020,AMPARK NEIGHBORHOOD,10X344,15.5
2020,BRONX COLLABORATIVE HIGH SCHOOL,10X351,11.9
2020,WORLD VIEW HIGH SCHOOL,10X353,12.3
2020,PS 360,10X360,11.5
2020,ACADEMY FOR PERSONAL LEADERSHIP AND EXCELLENCE,10X363,9.1
2020,IN-TECH ACADEMY (MS / HIGH SCHOOL 368),10X368,14
2020,KNOWLEDGE AND POWER PREPARATORY ACADEMY INTERNATIONAL HIGH SCHOOL (KAPPA),10X374,12
2020,"ELEMENTARY SCHOOL FOR MATH, SCIENCE, AND TECHNOLOGY",10X382,14.6
2020,SCHOOL FOR ENVIRONMENTAL CITIZENSHIP,10X386,12.5
2020,MS 390,10X390,11.8
2020,THE ANGELO PATRI MIDDLE SCHOOL,10X391,9.6
2020,PS 396,10X396,5.2
2020,ENGLISH LANGUAGE LEARNERS AND INTERNATIONAL SUPPORT PREPARATORY ACADEMY (ELLIS),10X397,13.7
2020,HIGH SCHOOL FOR TEACHING AND THE PROFESSIONS,10X433,13.2
2020,BELMONT PREPARATORY HIGH SCHOOL,10X434,13.4
2020,FORDHAM HIGH SCHOOL FOR THE ARTS,10X437,11.5
2020,FORDHAM LEADERSHIP ACADEMY FOR BUSINESS AND TECHNOLOGY,10X438,11.2
2020,BRONX HIGH SCHOOL FOR LAW AND COMMUNITY SERVICE,10X439,12.7
2020,DEWITT CLINTON HIGH SCHOOL,10X440,11.8
2020,"CELIA CRUZ BRONX HIGH SCHOOL OF MUSIC, THE",10X442,13.7
2020,BRONX HIGH SCHOOL OF SCIENCE,10X445,21.6
2020,CRESTON ACADEMY,10X447,12
2020,MARBLE HILL HIGH SCHOOL FOR INTERNATIONAL STUDIES,10X477,13.4
2020,CROTONA INTERNATIONAL HIGH SCHOOL,10X524,13.3
2020,BRONX THEATRE HIGH SCHOOL,10X546,15.2
2020,DISCOVERY HIGH SCHOOL,10X549,16.9
2020,HIGH SCHOOL FOR ENERGY AND TECHNOLOGY,10X565,12.2
2020,HIGH SCHOOL OF AMERICAN STUDIES AT LEHMAN COLLEGE,10X696,15.2
2020,PS 016 WAKEFIELD,11X016,13
2020,PS 019 JUDITH K WEISS,11X019,16.7
2020,PS 021 PHILIP H SHERIDAN,11X021,14.8
2020,PS 041 GUN HILL ROAD,11X041,13.8
2020,PS 068 BRONX,11X068,8.5
2020,PS 076 THE BENNINGTON SCHOOL,11X076,12.6
2020,PS 078 ANNE HUTCHINSON,11X078,14
2020,PS 083 DONALD HERTZ,11X083,14.8
2020,PS 087 BRONX,11X087,17
2020,PS 089 BRONX,11X089,16
2020,PS 096 RICHARD RODGERS,11X096,12.6
2020,PS 097 BRONX,11X097,13.3
2020,PS 103 HECTOR FONTANEZ,11X103,12.6
2020,PS 105 SEN ABRAHAM BERNSTEIN,11X105,12.6
2020,PS 106 PARKCHESTER,11X106,14.3
2020,PS 108 PHILIP J ABINANTI,11X108,14.9
2020,PS 111 SETON FALLS,11X111,12.7
2020,PS 112 BRONXWOOD,11X112,12.3
2020,PS 121 THROOP,11X121,15
2020,JHS 127 THE CASTLE HILL,11X127,12.5
2020,JHS 144 MICHELANGELO,11X144,11.3
2020,PS 153 HELEN KELLER,11X153,14.6
2020,PS 160 WALT DISNEY,11X160,10.2
2020,BAYCHESTER ACADEMY,11X169,16.8
2020,PS 175 CITY ISLAND,11X175,13.5
2020,PS 178 - DR SELMAN WAKSMAN,11X178,11.1
2020,MS 180 DR DANIEL HALE WILLIAMS,11X180,14.4
2020,IS 181 PABLO CASALS,11X181,14.3
2020,CORNERSTONE ACADEMY FOR SOCIAL ACTION,11X189,12.4
2020,PS/MS 194,11X194,14
2020,BRONX HEALTH SCIENCES HIGH SCHOOL,11X249,15.6
2020,BRONX HIGH SCHOOL FOR WRITING AND COMMUNICATION ARTS,11X253,13
2020,BRONX LAB SCHOOL,11X265,12
2020,ACADEMY FOR SCHOLARSHIP AND ENTREPRENEURSHIP: A COLLEGE BOARD SCHOOL,11X270,14
2020,HIGH SCHOOL OF COMPUTERS AND TECHNOLOGY,11X275,15.2
2020,THE FORWARD SCHOOL,11X287,11.1
2020,COLLEGIATE INSTITUTE FOR MATH AND SCIENCE,11X288,17.1
2020,BRONX ACADEMY OF HEALTH CAREERS,11X290,14.1
2020,ASTOR COLLEGIATE ACADEMY,11X299,14.4
2020,BRONX GREEN MIDDLE SCHOOL,11X326,14.4
2020,BRONX ALLIANCE MIDDLE SCHOOL,11X355,13.5
2020,YOUNG VOICES ACADEMY OF THE BRONX,11X357,13.2
2020,SCHOOL OF DIPLOMACY,11X370,11.7
2020,BRONX HIGH SCHOOL FOR THE VISUAL ARTS,11X418,13.6
2020,HARRY S TRUMAN HIGH SCHOOL,11X455,17.3
2020,CORNERSTONE ACADEMY FOR SOCIAL ACTION MIDDLE SCHOOL (CASA),11X462,13.8
2020,PELHAM ACADEMY OF ACADEMICS AND COMMUNITY ENGAGEMENT,11X468,11.9
2020,PS 481,11X481,13.6
2020,PS 483,11X483,13.3
2020,PS/MS 11X498 - VAN NEST ACADEMY,11X498,16.3
2020,BRONXDALE HIGH SCHOOL,11X508,10.4
2020,HIGH SCHOOL OF LANGUAGE AND INNOVATION,11X509,11.9
2020,NEW WORLD HIGH SCHOOL,11X513,14
2020,THE BRONXWOOD PREPARATORY ACADEMY,11X514,15.1
2020,ONE WORLD MIDDLE SCHOOL AT EDENWALD,11X529,7.9
2020,BAYCHESTER MIDDLE SCHOOL,11X532,12.6
2020,PELHAM PREPARATORY ACADEMY,11X542,15.1
2020,HIGH SCHOOL FOR CONTEMPORARY ARTS,11X544,14.7
2020,BRONX AEROSPACE HIGH SCHOOL,11X545,11.3
2020,BRONX PARK MIDDLE SCHOOL,11X556,10.3
2020,PELHAM GARDENS MIDDLE SCHOOL,11X566,12.1
2020,LINDEN TREE ELEMENTARY SCHOOL,11X567,10.8
2020,PS 006 WEST FARMS,12X006,12.5
2020,PS 044 DAVID C FARRAGUT,12X044,10.3
2020,PS 047 JOHN RANDOLPH,12X047,13.6
2020,PS 057 CRESCENT,12X057,13.1
2020,PS 061 FRANCISCO OLLER,12X061,12.2
2020,PS 066 SCHOOL OF HIGHER EXPECTATIONS,12X066,10.8
2020,PS 067 MOHEGAN SCHOOL,12X067,11.8
2020,JHS 098 HERMAN RIDDER,12X098,10.7
2020,MS 129 ACADEMY FOR INDEPENDENT LEARNING AND LEADERSHIP,12X129,13
2020,PS 134 GEORGE F BRISTOW,12X134,13.2
2020,PS 150 CHARLES JAMES FOX,12X150,12.2
2020,ESMT- IS 190,12X190,12
2020,PS 195,12X195,12.6
2020,PS 196,12X196,12.5
2020,PS 211,12X211,11.7
2020,PS 212,12X212,11.6
2020,PS 214,12X214,14.5
2020,SCHOOL OF PERFORMING ARTS,12X217,9
2020,MOTT HALL V,12X242,12.4
2020,"METROPOLITAN HIGH SCHOOL, THE",12X248,9.6
2020,EXPLORATIONS ACADEMY,12X251,11.3
2020,BRONX LATIN,12X267,11.5
2020,EAST BRONX ACADEMY FOR THE FUTURE,12X271,10.4
2020,FREDERICK DOUGLASS ACADEMY V MIDDLE SCHOOL,12X273,11.4
2020,FANNIE LOU HAMER MIDDLE SCHOOL,12X286,10.3
2020,THE SCHOOL OF SCIENCE AND APPLIED LEARNING,12X300,11.5
2020,FAIRMONT NEIGHBORHOOD SCHOOL,12X314,9.6
2020,KAPPA III,12X316,12.7
2020,"IS X318 MATH, SCIENCE & TECHNOLOGY THROUGH ARTS",12X318,9.6
2020,ACCION ACADEMY,12X341,10.6
2020,EMOLIOR ACADEMY,12X383,14.8
2020,PAN AMERICAN INTERNATIONAL HIGH SCHOOL AT MONROE,12X388,11.9
2020,ARTURO A SCHOMBURG SATELLITE ACADEMY BRONX,12X446,12.6
2020,SAMARA COMMUNITY SCHOOL,12X458,11.9
2020,URBAN SCHOLARS COMMUNITY SCHOOL,12X463,10.1
2020,THE CINEMA SCHOOL,12X478,14
2020,BRONX CAREER AND COLLEGE PREPARATORY HIGH SCHOOL,12X479,11.9
2020,BRONX REGIONAL HIGH SCHOOL,12X480,14.3
2020,BRONX ENVISION ACADEMY,12X511,10.8
2020,THE METROPOLITAN SOUNDVIEW HIGH SCHOOL,12X521,11.6
2020,ARCHER ELEMENTARY SCHOOL,12X531,10.9
2020,PS 536,12X536,13.2
2020,HIGH SCHOOL OF WORLD CULTURES,12X550,13.3
2020,PS 595,12X595,9.7
2020,FANNIE LOU HAMER FREEDOM HIGH SCHOOL,12X682,12.4
2020,WINGS ACADEMY,12X684,11.7
2020,BRONX LITTLE SCHOOL,12X691,12.1
2020,PS 003 THE BEDFORD VILLAGE,13K003,12.1
2020,PS 008 ROBERT FULTON,13K008,16.4
2020,PS 009 TEUNIS G BERGEN,13K009,16
2020,PS 011 PURVIS J BEHAN,13K011,17.6
2020,PS 020 CLINTON HILL,13K020,15.8
2020,PS 044 MARCUS GARVEY,13K044,10.6
2020,PS 046 EDWARD C BLUM,13K046,10.1
2020,PS 054 SAMUEL C BARNES,13K054,10.5
2020,PS 056 LEWIS H LATIMER,13K056,10.6
2020,PS 067 CHARLES A DORSEY,13K067,10.5
2020,PS 093 WILLIAM H PRESCOTT,13K093,10.8
2020,MS 113 RONALD EDMONDS LEARNING CENTER,13K113,10.1
2020,PS 133 WILLIAM A BUTLER,13K133,13.4
2020,PS 256 BENJAMIN BANNEKER,13K256,12.9
2020,DR SUSAN S MCKINNEY SECONDARY SCHOOL OF THE ARTS,13K265,11.4
2020,MS K266 - PARK PLACE COMMUNITY MIDDLE SCHOOL,13K266,11.4
2020,PS 270 JOHANN DEKALB,13K270,7.7
2020,PS 282 PARK SLOPE,13K282,13.3
2020,PS 287 BAILEY K ASHFORD,13K287,8.8
2020,SATELLITE EAST MIDDLE SCHOOL,13K301,8.6
2020,PS 305 DR PETER RAY,13K305,8.7
2020,PS 307 DANIEL HALE WILLIAMS,13K307,8.3
2020,SATELLITE WEST MIDDLE SCHOOL,13K313,11.1
2020,URBAN ASSEMBLY HIGH SCHOOL OF MUSIC AND ART,13K350,13.1
2020,THE URBAN ASSEMBLY UNISON SCHOOL,13K351,9.6
2020,"BROOKLYN COMMUNITY HIGH SCHOOL OF COMMUNICATION, ARTS AND MEDIA",13K412,12.1
2020,"SCIENCE SKILLS CENTER HIGH SCHOOL FOR SCIENCE, TECHNOLOGY AND THE CREATIVE ARTS",13K419,16
2020,BROOKLYN TECHNICAL HIGH SCHOOL,13K430,21.5
2020,BROOKLYN INTERNATIONAL HIGH SCHOOL,13K439,13.7
2020,THE URBAN ASSEMBLY SCHOOL FOR LAW AND JUSTICE,13K483,14.7
2020,ACADEMY OF ARTS AND LETTERS,13K492,14.5
2020,ACORN COMMUNITY HIGH SCHOOL,13K499,11.1
2020,URBAN ASSEMBLY INSTITUTE OF MATH AND SCIENCE FOR YOUNG WOMEN,13K527,12.3
2020,BROOKLYN ACADEMY HIGH SCHOOL,13K553,10.7
2020,GOTHAM PROFESSIONAL ARTS ACADEMY,13K594,9.8
2020,BEDFORD ACADEMY HIGH SCHOOL,13K595,17.8
2020,GEORGE WESTINGHOUSE CAREER AND TECHNICAL EDUCATION HIGH SCHOOL,13K605,14.2
2020,BROOKLYN HIGH SCHOOL FOR LEADERSHIP AND COMMUNITY SERVICE,13K616,9.6
2020,BENJAMIN BANNEKER ACADEMY,13K670,17.2
2020,"CITY POLYTECHNIC HIGH SCHOOL OF ENGINEERING, ARCHITECTURE, AND TECHNOLOGY",13K674,14.8
2020,FORT GREENE PREPARATORY ACADEMY,13K691,9.7
2020,IS 915,13K915,14.6
2020,PS 016 LEONARD DUNKLY,14K016,13.3
2020,PS 017 HENRY D WOODWORTH,14K017,10.2
2020,PS 018 EDWARD BUSH,14K018,9.4
2020,PS 023 CARTER G WOODSON,14K023,9.9
2020,PS 031 SAMUEL F DUPONT,14K031,15.8
2020,PS 034 OLIVER H PERRY,14K034,15.5
2020,JHS 050 JOHN D WELLS,14K050,12.8
2020,PS 059 WILLIAM FLOYD,14K059,11.9
2020,JUAN MOREL CAMPOS SECONDARY SCHOOL,14K071,9.1
2020,PS 084 JOSE DE DIEGO,14K084,9
2020,PS 110 THE MONITOR,14K110,15.6
2020,PS 120 CARLOS TAPIA,14K120,13.2
2020,JOHN ERICSSON MIDDLE SCHOOL 126,14K126,10.4
2020,PS 132 THE CONSELYEA SCHOOL,14K132,16.1
2020,PS 147 ISAAC REMSEN,14K147,13.6
2020,PS/IS 157 THE BENJAMIN FRANKLIN HEALTH & SCIENCE ACADEMY,14K157,10.4
2020,PS 196 TEN EYCK,14K196,10.9
2020,PS 250 GEORGE H LINDSAY,14K250,13
2020,PS 257 JOHN F HYLAN,14K257,14.2
2020,PS 297 ABRAHAM STOCKTON,14K297,12
2020,IS 318 EUGENIO MARIA DE HOSTOS,14K318,15
2020,PS 319,14K319,13.3
2020,PS 380 JOHN WAYNE ELEMENTARY,14K380,11.7
2020,BROOKLYN ARBOR ELEMENTARY SCHOOL,14K414,14.3
2020,"BROOKLYN LATIN SCHOOL, THE",14K449,19.1
2020,GREEN SCHOOL: AN ACADEMY FOR ENVIRONMENTAL CAREERS,14K454,11.7
2020,PROGRESS HIGH SCHOOL FOR PROFESSIONAL CAREERS,14K474,14.9
2020,SCHOOL FOR LEGAL STUDIES,14K477,12.4
2020,"THE HIGH SCHOOL FOR ENTERPRISE, BUSINESS AND TECHNOLOGY",14K478,16.1
2020,BROOKLYN PREPARATORY HIGH SCHOOL,14K488,15.2
2020,WILLIAMSBURG HIGH SCHOOL FOR ARCHITECTURE AND DESIGN,14K558,16.6
2020,WILLIAMSBURG PREPARATORY SCHOOL,14K561,14.6
2020,CONSELYEA PREPARATORY SCHOOL,14K577,14.9
2020,MS 582,14K582,11.7
2020,LYONS COMMUNITY SCHOOL,14K586,9.9
2020,AUTOMOTIVE HIGH SCHOOL,14K610,8.6
2020,YOUNG WOMEN'S LEADERSHIP SCHOOL OF BROOKLYN,14K614,11.6
2020,EL PUENTE ACADEMY FOR PEACE AND JUSTICE,14K685,12.4
2020,PS 001 THE BERGEN,15K001,12.6
2020,"MAGNET SCHOOL OF MATH, SCIENCE AND DESIGN TECHNOLOGY",15K010,15.8
2020,PS 015 PATRICK F DALY,15K015,9.4
2020,PS 024,15K024,10.6
2020,PS 029 JOHN M HARRIGAN,15K029,16.7
2020,PS 032 SAMUEL MILLS SPROLE,15K032,7
2020,PS 038 THE PACIFIC,15K038,17.1
2020,PS 039 HENRY BRISTOW,15K039,15.4
2020,MS 51 WILLIAM ALEXANDER,15K051,17.8
2020,PS 058 THE CARROLL,15K058,16.2
2020,JHS 088 PETER ROUGET,15K088,13.9
2020,PS 094 THE HENRY LONGFELLOW,15K094,13.5
2020,PS 107 JOHN W KIMBALL,15K107,15.7
2020,THE MAURICE SENDAK COMMUNITY SCHOOL,15K118,16.1
2020,PS 124 SILAS B DUTCHER,15K124,11.1
2020,PS 130 THE PARKSIDE,15K130,15.6
2020,PS 131 BROOKLYN,15K131,12.2
2020,IS 136 CHARLES O DEWEY,15K136,11
2020,PS 146,15K146,13.6
2020,THE WINDSOR TERRACE SCHOOL,15K154,15.3
2020,PS 169 SUNSET PARK,15K169,11.9
2020,PS 172 BEACON SCHOOL OF EXCELLENCE,15K172,11.7
2020,PS 230 DORIS L COHEN,15K230,14.4
2020,PS 261 PHILIP LIVINGSTON,15K261,14.9
2020,PS 295,15K295,11.3
2020,PS 321 WILLIAM PENN,15K321,17.3
2020,THE CHILDRENS SCHOOL,15K418,12.7
2020,BROOKLYN FRONTIERS HIGH SCHOOL,15K423,7.7
2020,BROOKLYN SCHOOL FOR GLOBAL STUDIES,15K429,12.5
2020,MS 442 CARROLL GARDENS SCHOOL FOR INNOVATION,15K442,9.2
2020,NEW VOICES SCHOOL OF ACADEMIC & CREATIVE ARTS,15K443,15.9
2020,THE MATH & SCIENCE EXPLORATORY SCHOOL,15K447,10.5
2020,BROOKLYN SECONDARY SCHOOL FOR COLLABORATIVE STUDIES,15K448,10.4
2020,SECONDARY SCHOOL FOR LAW,15K462,13.1
2020,SECONDARY SCHOOL FOR JOURNALISM,15K463,14.5
2020,PARK SLOPE COLLEGIATE,15K464,11.7
2020,SCHOOL FOR INTERNATIONAL STUDIES,15K497,14.3
2020,SUNSET PARK AVENUES ELEMENTARY SCHOOL,15K516,10.3
2020,COBBLE HILL SCHOOL OF AMERICAN STUDIES,15K519,13.2
2020,WEST BROOKLYN COMMUNITY HIGH SCHOOL,15K529,12.1
2020,KHALIL GIBRAN INTERNATIONAL ACADEMY,15K592,9.2
2020,BROOKLYN HIGH SCHOOL OF THE ARTS,15K656,14.2
2020,SUNSET PARK HIGH SCHOOL,15K667,11.8
2020,RED HOOK NEIGHBORHOOD SCHOOL,15K676,7.3
2020,MILLENNIUM BROOKLYN HS,15K684,11.2
2020,SOUTH BROOKLYN COMMUNITY HIGH SCHOOL,15K698,12.6
2020,SUNSET PARK PREP,15K821,12.3
2020,MS 839,15K839,11.7
2020,THE SCHOOL OF CREATIVITY AND INNOVATION,15K896,16.5
2020,PS 005 DR RONALD MCNAIR,16K005,15.2
2020,PS 021 CRISPUS ATTUCKS,16K021,14.7
2020,PS 025 EUBIE BLAKE SCHOOL,16K025,6.7
2020,PS 026 JESSE OWENS,16K026,7.8
2020,PS 028 THE WARREN PREP ACADEMY,16K028,8.6
2020,MS 035 STEPHEN DECATUR,16K035,12.1
2020,PS 040 GEORGE W CARVER,16K040,14.7
2020,JHS 057 WHITELAW REID,16K057,11.9
2020,PS 081 THADDEUS STEVENS,16K081,10.3
2020,PS 243K- THE WEEKSVILLE SCHOOL,16K243,8.7
2020,PS 262 EL HAJJ MALIK EL SHABAZZ ELEMENTARY SCHOOL,16K262,10
2020,"MS 267 MATH, SCIENCE & TECHNOLOGY",16K267,10.9
2020,PS 308 CLARA CARDWELL,16K308,9.4
2020,PS 309 THE GEORGE E WIBECAN PREPARATORY ACADEMY,16K309,12.7
2020,PS 335 GRANVILLE T WOODS,16K335,9.7
2020,BOYS AND GIRLS HIGH SCHOOL,16K455,11.2
2020,BROOKLYN HIGH SCHOOL FOR LAW AND TECHNOLOGY,16K498,14.6
2020,BRIGHTER CHOICE COMMUNITY SCHOOL,16K627,14.3
2020,BROOKLYN BROWNSTONE SCHOOL,16K628,13.8
2020,RESEARCH AND SERVICE HIGH SCHOOL,16K669,15.4
2020,MADIBA PREP MIDDLE SCHOOL,16K681,11.7
2020,THE BROOKLYN ACADEMY OF GLOBAL FINANCE,16K688,12
2020,NELSON MANDELA HIGH SCHOOL,16K765,13.4
2020,THE BROOKLYN GREEN SCHOOL,16K898,11.1
2020,PARKSIDE PREPARATORY ACADEMY,17K002,13.7
2020,PS 006,17K006,14.2
2020,DR JACQUELINE PEEK-DAVIS SCHOOL,17K012,15
2020,MS 061 DR GLADSTONE H ATWELL,17K061,14.4
2020,PS 091 THE ALBANY AVENUE SCHOOL,17K091,11.3
2020,PS 092 ADRIAN HEGEMAN,17K092,11.1
2020,PATHWAYS IN TECHNOLOGY EARLY COLLEGE HIGH SCHOOL (P-TECH),17K122,18.8
2020,PS 138 BROOKLYN,17K138,11.2
2020,PS 161 THE CROWN,17K161,13.3
2020,PS 181 BROOKLYN,17K181,13.3
2020,PS 189 THE BILINGUAL CENTER,17K189,13.6
2020,PS 191 PAUL ROBESON,17K191,10.5
2020,PS 221 TOUSSAINT L'OUVERTURE,17K221,13.3
2020,PS 241 EMMA L JOHNSTON,17K241,16
2020,MS 246 WALT WHITMAN,17K246,13.7
2020,PS 249 THE CATON,17K249,15.2
2020,PS 289 GEORGE V BROWER,17K289,11.4
2020,PS 316 ELIJAH STROUD,17K316,10.8
2020,IS 340,17K340,13.6
2020,EBBETS FIELD MIDDLE SCHOOL,17K352,7.5
2020,ELIJAH STROUD MIDDLE SCHOOL,17K353,11.5
2020,THE SCHOOL OF INTEGRATED LEARNING,17K354,13.6
2020,PS 375 JACKIE ROBINSON SCHOOL,17K375,13
2020,ACADEMY FOR COLLEGE PREPARATION AND CAREER EXPLORATION: A COLLEGE BOARD SCHOOL,17K382,15.7
2020,MS K394,17K394,13.1
2020,PS 397 FOSTER-LAURIE,17K397,10.4
2020,PS 398 WALTER WEAVER,17K398,10.2
2020,PS 399 STANLEY EUGENE CLARK,17K399,13.9
2020,ACADEMY OF HOSPITALITY AND TOURISM,17K408,13.1
2020,RONALD EDMONDS LEARNING CENTER II,17K484,11.2
2020,INTERNATIONAL HIGH SCHOOL AT PROSPECT HEIGHTS,17K524,12.5
2020,THE HIGH SCHOOL FOR GLOBAL CITIZENSHIP,17K528,18
2020,"SCHOOL FOR HUMAN RIGHTS, THE",17K531,14.5
2020,NEW BRIDGES ELEMENTARY,17K532,11.6
2020,HIGH SCHOOL FOR YOUTH AND COMMUNITY DEVELOPMENT AT ERASMUS,17K537,19.3
2020,HIGH SCHOOL FOR SERVICE & LEARNING AT ERASMUS,17K539,14.7
2020,"SCIENCE, TECHNOLOGY AND RESEARCH EARLY COLLEGE HIGH SCHOOL AT ERASMUS",17K543,17.9
2020,HIGH SCHOOL FOR PUBLIC SERVICE: HEROES OF TOMORROW,17K546,16
2020,BROOKLYN ACADEMY OF SCIENCE AND THE ENVIRONMENT,17K547,15.9
2020,BROOKLYN SCHOOL FOR MUSIC & THEATRE,17K548,12.6
2020,BROWNSVILLE ACADEMY HIGH SCHOOL,17K568,11.6
2020,MEDGAR EVERS COLLEGE PREPARATORY SCHOOL,17K590,20.9
2020,CLARA BARTON HIGH SCHOOL,17K600,16.8
2020,ASPIRATIONS DIPLOMA PLUS HIGH SCHOOL,17K646,9.8
2020,BROOKLYN ARTS AND SCIENCE ELEMENTARY SCHOOL,17K705,11.5
2020,NEW HEIGHTS MIDDLE SCHOOL,17K722,10.7
2020,BROOKLYN INSTITUTE FOR LIBERAL ARTS,17K745,14.3
2020,ACADEMY FOR HEALTH CAREERS,17K751,12.4
2020,PS 770 NEW AMERICAN ACADEMY,17K770,11.5
2020,PS 66,18K066,13.9
2020,IS 068 ISAAC BILDERSEE,18K068,9.5
2020,PS 114 RYDER ELEMENTARY,18K114,12.1
2020,PS 115 DANIEL MUCATEL SCHOOL,18K115,16.4
2020,PS 135 SHELDON A BROOKNER,18K135,14.1
2020,PS 208 ELSA EBELING,18K208,11.5
2020,IS 211 JOHN WILSON,18K211,11.7
2020,PS 219 KENNEDY-KING,18K219,14
2020,PS 233 LANGSTON HUGHES,18K233,11.5
2020,PS 235 LENOX SCHOOL,18K235,17.2
2020,PS 244 RICHARD R GREEN,18K244,7.9
2020,PS 268 EMMA LAZARUS,18K268,13.1
2020,PS 272 CURTIS ESTABROOK,18K272,10.4
2020,PS 276 LOUIS MARSHALL,18K276,11.9
2020,PS 279 HERMAN SCHREIBER,18K279,12.9
2020,IS 285 MEYER LEVIN,18K285,13.5
2020,THE SCIENCE AND MEDICINE MIDDLE SCHOOL,18K366,13.3
2020,IT TAKES A VILLAGE ACADEMY,18K563,13.5
2020,BROOKLYN GENERATION SCHOOL,18K566,12.6
2020,BROOKLYN THEATRE ARTS HIGH SCHOOL,18K567,16.4
2020,KURT HAHN EXPEDITIONARY LEARNING SCHOOL,18K569,11.6
2020,VICTORY COLLEGIATE HIGH SCHOOL,18K576,10.4
2020,BROOKLYN BRIDGE ACADEMY,18K578,9.9
2020,EAST FLATBUSH COMMUNITY RESEARCH SCHOOL,18K581,12.2
2020,MIDDLE SCHOOL FOR ART AND PHILOSOPHY,18K588,9.1
2020,HIGH SCHOOL FOR INNOVATION IN ADVERTISING AND MEDIA,18K617,9
2020,CULTURAL ACADEMY FOR THE ARTS AND SCIENCES,18K629,12.4
2020,HIGH SCHOOL FOR MEDICAL PROFESSIONS,18K633,16.6
2020,OLYMPUS ACADEMY,18K635,11.7
2020,ACADEMY FOR CONSERVATION AND THE ENVIRONMENT,18K637,12.2
2020,URBAN ACTION ACADEMY,18K642,14.3
2020,EAST BROOKLYN COMMUNITY HIGH SCHOOL,18K673,8.7
2020,BROOKLYN SCIENCE AND ENGINEERING ACADEMY,18K763,12.7
2020,PS 007 ABRAHAM LINCOLN,19K007,13.8
2020,PS 013 ROBERTO CLEMENTE,19K013,9.7
2020,PS 065,19K065,16.1
2020,PS 089 CYPRESS HILLS,19K089,10.6
2020,PS 108 SAL ABBRACCIAMENTO,19K108,13.3
2020,PS 149 DANNY KAYE,19K149,15.4
2020,PS 158 WARWICK,19K158,13.8
2020,PS 159 ISAAC PITKIN,19K159,15.4
2020,IS 171 ABRAHAM LINCOLN,19K171,13.4
2020,PS 190 SHEFFIELD,19K190,12.8
2020,PS 202 ERNEST S JENKYNS,19K202,15.4
2020,PS 213 NEW LOTS,19K213,12.5
2020,PS 214 MICHAEL FRIEDSAM,19K214,14.4
2020,JHS 218 JAMES P SINNOTT,19K218,11.3
2020,PS 224 HALE A WOODRUFF,19K224,11.7
2020,PS 273 WORTMAN,19K273,13
2020,PS 290 JUAN MOREL CAMPOS,19K290,11.6
2020,JHS 292 MARGARET S DOUGLAS,19K292,13.7
2020,PS 306 ETHAN ALLEN,19K306,10.8
2020,THE FRESH CREEK SCHOOL,19K325,12.6
2020,PS 328 PHYLLIS WHEATLEY,19K328,12
2020,PS 345 PATROLMAN ROBERT BOLDEN,19K345,14.4
2020,PS 346 ABE STARK,19K346,11.4
2020,IS 364 GATEWAY,19K364,11.2
2020,ACADEMY FOR YOUNG WRITERS,19K404,10.9
2020,EAST NEW YORK FAMILY ACADEMY,19K409,13.2
2020,SPRING CREEK COMMUNITY SCHOOL,19K422,10.7
2020,FREDERICK DOUGLASS ACADEMY VIII MIDDLE SCHOOL,19K452,14.7
2020,FDNY HIGH SCHOOL FOR FIRE AND LIFE SAFETY,19K502,13.9
2020,HIGH SCHOOL FOR CIVIL RIGHTS,19K504,15.3
2020,PERFORMING ARTS AND TECHNOLOGY HIGH SCHOOL,19K507,12.5
2020,WORLD ACADEMY FOR TOTAL COMMUNITY HEALTH HIGH SCHOOL,19K510,10.5
2020,BROOKLYN GARDENS ELEMENTARY SCHOOL,19K557,11.7
2020,MULTICULTURAL HIGH SCHOOL,19K583,13.1
2020,TRANSIT TECH CAREER AND TECHNICAL EDUCATION HIGH SCHOOL,19K615,13.3
2020,ACADEMY OF INNOVATIVE TECHNOLOGY,19K618,13.1
2020,BROOKLYN LAB SCHOOL,19K639,12.2
2020,VAN SICLEN COMMUNITY MIDDLE SCHOOL,19K654,12.8
2020,CYPRESS HILLS COLLEGIATE PREPARATORY SCHOOL,19K659,14.7
2020,W H MAXWELL CAREER AND TECHNICAL EDUCATION HIGH SCHOOL,19K660,11.4
2020,VISTA ACADEMY,19K661,16.3
2020,LIBERTY AVENUE MIDDLE SCHOOL,19K662,11.8
2020,SCHOOL OF THE FUTURE BROOKLYN,19K663,8.6
2020,EAST NEW YORK ELEMENTARY SCHOOL OF EXCELLENCE,19K677,13.4
2020,EAST NEW YORK MIDDLE SCHOOL OF EXCELLENCE,19K678,12.4
2020,"THE SCHOOL FOR CLASSICS: AN ACADEMY OF THINKERS, WRITERS AND PEFORMERS",19K683,13
2020,HIGHLAND PARK COMMUNITY SCHOOL,19K760,15.5
2020,THE URBAN ASSEMBLY SCHOOL FOR COLLABORATIVE HEALTHCARE,19K764,11.4
2020,MS 907,19K907,14.7
2020,PS/IS 30 MARY WHITE OVINGTON,20K030,12.4
2020,PS 048 MAPLETON,20K048,14.6
2020,JHS 062 DITMAS,20K062,14.5
2020,PS 69 VINCENT D GRIPPO SCHOOL,20K069,14.4
2020,PS 102 THE BAYVIEW,20K102,15.6
2020,PS/IS 104 THE FORT HAMILTON SCHOOL,20K104,18
2020,PS 105 THE BLYTHEBOURNE,20K105,16.2
2020,PS 112 LEFFERTS PARK,20K112,14.1
2020,PS 127 MCKINLEY PARK,20K127,13.1
2020,PS 160 WILLIAM T SAMPSON,20K160,12.7
2020,PS 163 BATH BEACH,20K163,14.1
2020,PS 164 CAESAR RODNEY,20K164,13.1
2020,RALPH A FABRIZIO SCHOOL,20K170,14.2
2020,PS 176 OVINGTON,20K176,14.4
2020,PS 179 KENSINGTON,20K179,14.4
2020,THE SEEALL ACADEMY,20K180,13.6
2020,PS 185 WALTER KASSENBROCK,20K185,16.4
2020,PS 186 DR IRVING A GLADSTONE,20K186,14.8
2020,THE CHRISTA MCAULIFFE SCHOOL\IS 187,20K187,18.3
2020,PS 192 - THE MAGNET SCHOOL FOR MATH AND SCIENCE INQUIRY,20K192,12.5
2020,PS 200 BENSON SCHOOL,20K200,16.4
2020,JHS 201 THE DYKER HEIGHTS,20K201,18.6
2020,PS 204 VINCE LOMBARDI,20K204,16.2
2020,PS 205 CLARION,20K205,14.7
2020,JHS 220 JOHN J PERSHING,20K220,13
2020,JHS 223 THE MONTAUK,20K223,13.4
2020,JHS 227 EDWARD B SHALLOW,20K227,15.5
2020,PS 229 DYKER,20K229,17.8
2020,PS 247 BROOKLYN,20K247,13.8
2020,JHS 259 WILLIAM MCKINLEY,20K259,16.8
2020,PS 264 BAY RIDGE ELEMENTARY SCHOOL FOR THE ARTS,20K264,13.8
2020,THE SCHOOL FOR FUTURE LEADERS,20K310,14
2020,NEW UTRECHT HIGH SCHOOL,20K445,17
2020,HIGH SCHOOL OF TELECOMMUNICATION ARTS AND TECHNOLOGY,20K485,14.7
2020,FORT HAMILTON HIGH SCHOOL,20K490,19.8
2020,PS 503: THE SCHOOL OF DISCOVERY,20K503,11.1
2020,FRANKLIN DELANO ROOSEVELT HIGH SCHOOL,20K505,15.4
2020,PS 506: THE SCHOOL OF JOURNALISM & TECHNOLOGY,20K506,11.6
2020,URBAN ASSEMBLY SCHOOL FOR CRIMINAL JUSTICE,20K609,12.4
2020,THE ACADEMY OF TALENTED SCHOLARS,20K682,7.9
2020,BROOKLYN SCHOOL OF INQUIRY,20K686,18.8
2020,PS 748 BROOKLYN SCHOOL FOR GLOBAL SCHOLARS,20K748,13.6
2020,"SCHOOL OF MATH, SCIENCE, AND HEALTHY LIVING",20K971,10.5
2020,PS 90 EDNA COHEN SCHOOL,21K090,11.1
2020,PS 095 THE GRAVESEND,21K095,15.8
2020,IS 096 SETH LOW,21K096,10.9
2020,PS 97 THE HIGHLAWN,21K097,13.2
2020,IS 98 BAY ACADEMY,21K098,23.6
2020,PS 099 ISAAC ASIMOV,21K099,15.9
2020,PS 100 THE CONEY ISLAND SCHOOL,21K100,16.4
2020,PS 101 THE VERRAZANO,21K101,13.9
2020,PS 121 NELSON A ROCKEFELLER,21K121,7.1
2020,PS 128 BENSONHURST,21K128,12.7
2020,PS 153 HOMECREST,21K153,14.4
2020,PS 177 THE MARLBORO,21K177,14.4
2020,PS 188 MICHAEL E BERDY,21K188,12.5
2020,PS 199 FREDERICK WACHTEL,21K199,11.2
2020,PS 209 MARGARET MEAD,21K209,14
2020,PS 212 LADY DEBORAH MOODY,21K212,12.3
2020,PS 215 MORRIS H WEISS,21K215,16.1
2020,PS 216 ARTURO TOSCANINI,21K216,15.2
2020,PS K225 - THE EILEEN E ZAGLIN,21K225,14
2020,PS 226 ALFRED DE BMASON,21K226,13.6
2020,IS 228 DAVID A BOODY,21K228,14.5
2020,PS 238 ANNE SULLIVAN,21K238,14.3
2020,MARK TWAIN IS 239 FOR THE GIFTED & TALENTED,21K239,17.4
2020,PS 253,21K253,14.5
2020,IS 281 JOSEPH B CAVALLARO,21K281,16.4
2020,PS 288 THE SHIRLEY TANYHILL,21K288,11.7
2020,IS 303 HERBERT S EISENBERG,21K303,16.1
2020,PS 329 SURFSIDE,21K329,13.2
2020,INTERNATIONAL HIGH SCHOOL AT LAFAYETTE,21K337,13.9
2020,RACHEL CARSON HIGH SCHOOL FOR COASTAL STUDIES,21K344,16.9
2020,HIGH SCHOOL OF SPORTS MANAGEMENT,21K348,15.4
2020,ABRAHAM LINCOLN HIGH SCHOOL,21K410,15.5
2020,KINGSBOROUGH EARLY COLLEGE SCHOOL,21K468,16.1
2020,EDWARD R MURROW HIGH SCHOOL,21K525,17
2020,JOHN DEWEY HIGH SCHOOL,21K540,16
2020,LIFE ACADEMY HIGH SCHOOL FOR FILM AND MUSIC,21K559,15.8
2020,EXPEDITIONARY LEARNING SCHOOL FOR COMMUNITY LEADERS,21K572,13.7
2020,WILLIAM E GRADY CAREER AND TECHNICAL EDUCATION HIGH SCHOOL,21K620,13.1
2020,BROOKLYN STUDIO SECONDARY SCHOOL,21K690,14.6
2020,LIBERATION DIPLOMA PLUS,21K728,16.6
2020,JHS 014 SHELL BANK,22K014,12.8
2020,PS 052 SHEEPSHEAD BAY,22K052,14.7
2020,JHS 078 ROY H MANN,22K078,14.5
2020,PS 109,22K109,11.4
2020,PS 119 AMERSFORT,22K119,15.5
2020,PS K134,22K134,13.7
2020,PS 139 ALEXINE A FENTY,22K139,15.9
2020,SCHOOL OF SCIENCE & TECHNOLOGY,22K152,14
2020,PS 193 GIL HODGES,22K193,14.4
2020,PS 194 RAOUL WALLENBERG,22K194,12.2
2020,PS 195 MANHATTAN BEACH,22K195,18.5
2020,PS 197 - THE KINGS HIGHWAY ACADEMY,22K197,14.9
2020,PS 198 BROOKLYN,22K198,12.6
2020,PS 203 FLOYD BENNETT SCHOOL,22K203,12.9
2020,PS 206 JOSEPH F LAMB,22K206,15.6
2020,PS 207 ELIZABETH G LEARY,22K207,14.6
2020,PS 217 COLONEL DAVID MARCUS SCHOOL,22K217,14.5
2020,PS 222 KATHERINE R SNYDER,22K222,12
2020,JHS 234 ARTHUR W CUNNINGHAM,22K234,13.4
2020,PS 236 MILL BASIN,22K236,17.1
2020,ANDRIES HUDDE,22K240,13.1
2020,PS 245,22K245,10
2020,PS 251 PAERDEGAT,22K251,12.7
2020,PS 254 DAG HAMMARSKJOLD,22K254,16.8
2020,PS 255 BARBARA REING SCHOOL,22K255,12.6
2020,PS 277 GERRITSEN BEACH,22K277,13.3
2020,JHS 278 MARINE PARK,22K278,12.8
2020,PS 312 BERGEN BEACH,22K312,15.6
2020,PS K315,22K315,14.3
2020,PS 326,22K326,9.7
2020,PS 361 EAST FLATBUSH EARLY CHILDHOOD SCHOOL,22K361,14.6
2020,I S 381,22K381,13
2020,MIDWOOD HIGH SCHOOL,22K405,19.6
2020,JAMES MADISON HIGH SCHOOL,22K425,17.5
2020,LEON M GOLDSTEIN HIGH SCHOOL FOR THE SCIENCES,22K535,16.8
2020,BROOKLYN COLLEGE ACADEMY,22K555,18.5
2020,ORIGINS HIGH SCHOOL,22K611,11.7
2020,PROFESSIONAL PATHWAYS HIGH SCHOOL,22K630,12.2
2020,PS 889,22K889,13.4
2020,MS 890,22K890,12.9
2020,PS 041 FRANCIS WHITE,23K041,10.1
2020,PS/IS 137 RACHEL JEAN MITCHELL,23K137,9.9
2020,PS 150 CHRISTOPHER,23K150,10.1
2020,PS/ IS 155 NICHOLAS HERKIMER,23K155,12.6
2020,PS 156 WAVERLY,23K156,12.2
2020,PS 165 IDA POSNER,23K165,9.1
2020,PS 178 SAINT CLAIR MCKELWAY,23K178,14.2
2020,PS 184 NEWPORT,23K184,13.5
2020,PS 284 LEW WALLACE,23K284,11.4
2020,PS 298 DR BETTY SHABAZZ,23K298,10.7
2020,PS/IS 323,23K323,14.9
2020,PS 327 DR ROSE B ENGLISH,23K327,9.5
2020,BROWNSVILLE COLLABORATIVE MIDDLE SCHOOL,23K363,22.6
2020,IS 392,23K392,15
2020,CHRISTOPHER AVENUE COMMUNITY SCHOOL,23K401,13
2020,RIVERDALE AVENUE COMMUNITY SCHOOL,23K446,12.4
2020,BROOKLYN COLLEGIATE: A COLLEGE BOARD SCHOOL,23K493,13.7
2020,FREDERICK DOUGLASS ACADEMY VII HIGH SCHOOL,23K514,10.1
2020,KAPPA V,23K518,10.8
2020,MOTT HALL IV,23K522,12.2
2020,BROOKLYN LANDMARK ELEMENTARY SCHOOL,23K599,13.6
2020,BROOKLYN DEMOCRACY ACADEMY,23K643,12.2
2020,EAGLE ACADEMY FOR YOUNG MEN II,23K644,13.7
2020,METROPOLITAN DIPLOMA PLUS HIGH SCHOOL,23K647,8.5
2020,BROOKLYN ENVIRONMENTAL EXPLORATION SCHOOL (BEES),23K664,9
2020,RIVERDALE AVENUE MIDDLE SCHOOL,23K668,10.8
2020,MOTT HALL BRIDGES ACADEMY,23K671,10.4
2020,TEACHERS PREPARATORY HIGH SCHOOL,23K697,8.6
2020,IS 5 - THE WALTER CROWLEY INTERMEDIATE SCHOOL,24Q005,13.9
2020,PS 007 LOUIS F SIMEONE,24Q007,14.4
2020,PS 012 JAMES B COLGATE,24Q012,15.2
2020,PS 013 CLEMENT C MOORE,24Q013,16.1
2020,PS 014 FAIRVIEW,24Q014,13.9
2020,PS Q016 THE NANCY DEBENEDITTIS SCHOOL,24Q016,14.6
2020,PS 019 MARINO JEANTET,24Q019,14
2020,PS 28 - THE THOMAS EMANUEL EARLY CHILDHOOD CENTER,24Q028,14
2020,PS 049 DOROTHY BONAWIT KOLE,24Q049,17.2
2020,PS 58 - THE SCHOOL OF HEROES,24Q058,16.1
2020,IS 061 LEONARDO DA VINCI,24Q061,14
2020,PS 068 CAMBRIDGE,24Q068,14.3
2020,PS 071 FOREST,24Q071,13.6
2020,IS 73 - THE FRANK SANSIVIERI INTERMEDIATE SCHOOL,24Q073,13.9
2020,IS 077,24Q077,11.8
2020,PS 81Q JEAN PAUL RICHTER,24Q081,13.6
2020,PS / IS 087 MIDDLE VILLAGE,24Q087,12.5
2020,PS 088 SENECA,24Q088,16.1
2020,PS 089 ELMHURST,24Q089,12.7
2020,PS 091 RICHARD ARKWRIGHT,24Q091,15
2020,IS 093 RIDGEWOOD,24Q093,15.1
2020,PS 102 BAYVIEW,24Q102,13.7
2020,PS 110,24Q110,13.5
2020,PS/IS 113 ANTHONY J PRANZO,24Q113,18.1
2020,IS 119 THE GLENDALE,24Q119,16.9
2020,IS 125 THOM J MCCANN WOODSIDE,24Q125,15.3
2020,"PS 128 THE LORRAINE TUZZO, JUNIPER VALLEY ELEMENTARY SCHOOL",24Q128,16.1
2020,PS 143 LOUIS ARMSTRONG,24Q143,12.7
2020,PS 153 MASPETH ELEM,24Q153,14.5
2020,PS 199 MAURICE A FITZGERALD,24Q199,15.3
2020,ELM TREE ELEMENTARY SCHOOL,24Q211,12.8
2020,PS 229 EMANUEL KAPLAN,24Q229,17
2020,INTERNATIONAL HIGH SCHOOL FOR HEALTH SCIENCES,24Q236,12.9
2020,PS 239,24Q239,13.5
2020,ACADEMY OF FINANCE AND ENTERPRISE,24Q264,19
2020,HIGH SCHOOL OF APPLIED COMMUNICATION,24Q267,15.6
2020,ACE ACADEMY FOR SCHOLARS AT THE GERALDINE FERRARO CAMPUS,24Q290,16.8
2020,CIVIC LEADERSHIP ACADEMY,24Q293,16.5
2020,PAN AMERICAN INTERNATIONAL HIGH SCHOOL,24Q296,13.7
2020,BARD HIGH SCHOOL EARLY COLLEGE QUEENS,24Q299,14.8
2020,LEARNERS AND LEADERS,24Q305,12.4
2020,PIONEER ACADEMY,24Q307,12.7
2020,CORONA ARTS AND SCIENCES ACADEMY,24Q311,12
2020,PS 330,24Q330,11.2
2020,THE CHILDREN'S LAB SCHOOL,24Q343,13.9
2020,NEWTOWN HIGH SCHOOL,24Q455,15.3
2020,GROVER CLEVELAND HIGH SCHOOL,24Q485,15.9
2020,MIDDLE COLLEGE HIGH SCHOOL AT LAGUARDIA COMMUNITY COLLEGE,24Q520,23.6
2020,INTERNATIONAL HIGH SCHOOL AT LAGUARDIA COMMUNITY COLLEGE,24Q530,17.8
2020,HIGH SCHOOL FOR ARTS AND BUSINESS,24Q550,16.3
2020,"ROBERT F WAGNER, JR SECONDARY SCHOOL FOR ARTS AND TECHNOLOGY",24Q560,16.3
2020,MASPETH HIGH SCHOOL,24Q585,18.9
2020,QUEENS VOCATIONAL AND TECHNICAL HIGH SCHOOL,24Q600,14.3
2020,AVIATION CAREER & TECHNICAL EDUCATION HIGH SCHOOL,24Q610,15.5
2020,VOYAGES PREPARATORY,24Q744,15.5
2020,PS 020 JOHN BOWNE,25Q020,15.3
2020,PS 021 EDWARD HART,25Q021,16.6
2020,PS 022 THOMAS JEFFERSON,25Q022,13.8
2020,PS 024 ANDREW JACKSON,25Q024,15.8
2020,IS 025 ADRIEN BLOCK,25Q025,19.8
2020,PS 029 QUEENS,25Q029,13.7
2020,PS 032 STATE STREET,25Q032,15.8
2020,PS 079 FRANCIS LEWIS,25Q079,18.4
2020,PS 107 THOMAS A DOOLEY,25Q107,15
2020,PS 120 QUEENS,25Q120,15
2020,PS 129 PATRICIA LARKIN,25Q129,14.7
2020,PS 130,25Q130,14
2020,PS 154 QUEENS,25Q154,15.6
2020,PS 163 FLUSHING HEIGHTS,25Q163,16.8
2020,PS 164 QUEENS VALLEY,25Q164,13.3
2020,PS 165 EDITH K BERGTRAUM,25Q165,8.2
2020,PS 169 BAY TERRACE,25Q169,13.1
2020,PS 184 FLUSHING MANOR,25Q184,16.7
2020,JHS 185 EDWARD BLEEKER,25Q185,15.9
2020,JHS 189 DANIEL CARTER BEARD,25Q189,13.2
2020,PS 193 ALFRED J KENNEDY,25Q193,15.9
2020,JHS 194 WILLIAM CARR,25Q194,16.8
2020,PS/MS 200 - THE POMONOK SCHOOL & STAR ACADEMY,25Q200,12.2
2020,PS 201 THE DISCOVERY SCHOOL FOR INQUIRY AND RESEARCH,25Q201,10.4
2020,PS 209 CLEARVIEW GARDENS,25Q209,15.5
2020,PS 214 CADWALLADER COLDEN,25Q214,13.3
2020,PS 219 PAUL KLAPPER,25Q219,9.8
2020,IS 237,25Q237,16.6
2020,VERITAS ACADEMY,25Q240,15.1
2020,QUEENS HIGH SCHOOL FOR LANGUAGE STUDIES,25Q241,15.2
2020,PS 242 LEONARD P STAVISKY EARLY CHILDHOOD SCHOOL,25Q242,12.8
2020,THE ACTIVE LEARNING ELEMENTARY SCHOOL,25Q244,17.1
2020,IS 250 THE ROBERT F KENNEDY COMMUNITY MIDDLE SCHOOL,25Q250,14.1
2020,"QUEENS SCHOOL OF INQUIRY, THE",25Q252,13.2
2020,FLUSHING INTERNATIONAL HIGH SCHOOL,25Q263,14.7
2020,EAST-WEST SCHOOL OF INTERNATIONAL STUDIES,25Q281,11.2
2020,WORLD JOURNALISM PREPARATORY: A COLLEGE BOARD SCHOOL,25Q285,14.7
2020,BELL ACADEMY,25Q294,15.7
2020,COLLEGE POINT COLLABORATIVE,25Q379,14
2020,JOHN BOWNE HIGH SCHOOL,25Q425,17.9
2020,FLUSHING HIGH SCHOOL,25Q460,14.6
2020,"THE QUEENS COLLEGE SCHOOL FOR MATH, SCIENCE AND TECHNOLOGY",25Q499,18.3
2020,TOWNSEND HARRIS HIGH SCHOOL,25Q525,19.4
2020,QUEENS ACADEMY HIGH SCHOOL,25Q540,17.9
2020,ROBERT F KENNEDY COMMUNITY HIGH SCHOOL,25Q670,17.1
2020,NORTH QUEENS COMMUNITY HIGH SCHOOL,25Q792,11.6
2020,PS 018 WINCHESTER,26Q018,15.1
2020,PS 026 RUFUS KING,26Q026,16.1
2020,PS 031 BAYSIDE,26Q031,13.8
2020,PS 041 CROCHERON,26Q041,15.9
2020,PS 046 ALLEY POND,26Q046,11.3
2020,JHS 067 LOUIS PASTEUR,26Q067,17.5
2020,JHS 074 NATHANIEL HAWTHORNE,26Q074,16.9
2020,PS 094 DAVID D PORTER,26Q094,13.8
2020,PS 098 THE DOUGLASTON SCHOOL,26Q098,12.8
2020,PS 115 GLEN OAKS,26Q115,18
2020,PS 133 QUEENS,26Q133,16.7
2020,MS 158 MARIE CURIE,26Q158,17.3
2020,PS 159,26Q159,16
2020,PS 162 JOHN GOLDEN,26Q162,16.9
2020,IRWIN ALTMAN MIDDLE SCHOOL 172,26Q172,16.7
2020,PS 173 FRESH MEADOWS,26Q173,16.7
2020,PS/ IS 178 HOLLISWOOD,26Q178,15.6
2020,PS 186 CASTLEWOOD,26Q186,6.6
2020,PS 188 KINGSBURY,26Q188,18
2020,PS 191 MAYFLOWER,26Q191,16.6
2020,PS 203 OAKLAND GARDENS,26Q203,16.3
2020,PS 205 ALEXANDER GRAHAM BELL,26Q205,13.4
2020,PS 213 THE CARL ULLMAN SCHOOL,26Q213,15.4
2020,JHS 216 GEORGE J RYAN,26Q216,18.8
2020,PS 221 THE NORTH HILLS SCHOOL,26Q221,17.1
2020,PS / IS 266,26Q266,13.7
2020,BUSINESS TECHNOLOGY EARLY COLLEGE HIGH SCHOOL,26Q315,15.2
2020,PS 376,26Q376,14.2
2020,BENJAMIN N CARDOZO HIGH SCHOOL,26Q415,18
2020,FRANCIS LEWIS HIGH SCHOOL,26Q430,17.8
2020,MARTIN VAN BUREN HIGH SCHOOL,26Q435,15.9
2020,BAYSIDE HIGH SCHOOL,26Q495,18.3
2020,"QUEENS HIGH SCHOOL OF TEACHING, LIBERAL ARTS AND THE SCIENCES",26Q566,16.3
2020,PS/MS 042 R VERNAM,27Q042,11.3
2020,PS 043,27Q043,13
2020,PS 045 CLARENCE WITHERSPOON,27Q045,10.9
2020,PS 047 CHRIS GALAS,27Q047,9.2
2020,PS 051,27Q051,12.8
2020,MS 053 BRIAN PICCOLO,27Q053,8.5
2020,PS 056 HARRY EICHLER,27Q056,16.3
2020,PS 060 WOODHAVEN,27Q060,14.8
2020,P S 62 - CHESTER PARK SCHOOL,27Q062,16.2
2020,PS 063 OLD SOUTH,27Q063,16.3
2020,PS 064 JOSEPH P ADDABBO,27Q064,15.6
2020,PS 65 - THE RAYMOND YORK ELEMENTARY SCHOOL,27Q065,14.3
2020,PS 066 JACQUELINE KENNEDY ONASSIS,27Q066,13.2
2020,PS 090 HORACE MANN,27Q090,14.8
2020,PS 096,27Q096,14.4
2020,PS 097 FOREST PARK,27Q097,14.9
2020,PS 100 GLEN MORRIS,27Q100,14.9
2020,PS 104 THE BAYS WATER,27Q104,15.1
2020,PS 105 THE BAY SCHOOL,27Q105,12.6
2020,PS 106,27Q106,8.5
2020,PS 108 CAPTAIN VINCENT G FOWLER,27Q108,15.7
2020,PS / MS 114 BELLE HARBOR,27Q114,15
2020,PS 123,27Q123,15.7
2020,PS 124 OSMOND A CHURCH,27Q124,17.6
2020,MS 137 AMERICA'S SCHOOL OF HEROES,27Q137,16.1
2020,PS 146 HOWARD BEACH,27Q146,15.2
2020,PS 155,27Q155,18.9
2020,PS 183 DR RICHARD R GREEN,27Q183,9
2020,PS 197 THE OCEAN SCHOOL,27Q197,12.3
2020,JHS 202 ROBERT H GODDARD,27Q202,16
2020,PS 207 ROCKWOOD PARK,27Q207,11.6
2020,JHS 210 ELIZABETH BLACKWELL,27Q210,14.6
2020,PS 223 LYNDON B JOHNSON,27Q223,14.3
2020,JHS 226 VIRGIL I GRISSOM,27Q226,15.3
2020,PS 232 LINDENWOOD,27Q232,15.6
2020,PS 253,27Q253,12.9
2020,PS 254 - THE ROSA PARKS SCHOOL,27Q254,15.7
2020,FREDERICK DOUGLASS ACADEMY VI HIGH SCHOOL,27Q260,11.7
2020,VOYAGES PREP - SOUTH QUEENS,27Q261,15.6
2020,CHANNEL VIEW SCHOOL FOR RESEARCH,27Q262,14
2020,PS 273,27Q273,11.4
2020,KNOWLEDGE AND POWER PREPARATORY ACADEMY VI,27Q282,16
2020,HAWTREE CREEK MIDDLE SCHOOL,27Q297,12.9
2020,"QUEENS HIGH SCHOOL FOR INFORMATION, RESEARCH, AND TECHNOLOGY",27Q302,14.8
2020,NEW YORK CITY ACADEMY FOR DISCOVERY,27Q306,13.1
2020,ROBERT H GODDARD HIGH SCHOOL OF COMMUNICATION ARTS AND TECHNOLOGY,27Q308,17.2
2020,ACADEMY OF MEDICAL TECHNOLOGY: A COLLEGE BOARD SCHOOL,27Q309,13.5
2020,EPIC HIGH SCHOOL - SOUTH,27Q314,16.2
2020,QUEENS EXPLORERS ELEMENTARY SCHOOL,27Q316,14.6
2020,WATERSIDE CHILDREN'S STUDIO SCHOOL,27Q317,11.6
2020,WATERSIDE SCHOOL FOR LEADERSHIP,27Q318,11.2
2020,VILLAGE ACADEMY,27Q319,9.8
2020,SCHOLARS' ACADEMY,27Q323,17.2
2020,ROCKAWAY PARK HIGH SCHOOL FOR ENVIRONMENTAL SUSTAINABILITY,27Q324,12
2020,GOLDIE MAPLE ACADEMY,27Q333,15.1
2020,EPIC HIGH SCHOOL - NORTH,27Q334,16.1
2020,ROCKAWAY COLLEGIATE HIGH SCHOOL,27Q351,12.4
2020,WAVE PREPARATORY ELEMENTARY SCHOOL,27Q362,15.7
2020,PS 377,27Q377,13.8
2020,AUGUST MARTIN HIGH SCHOOL,27Q400,12.7
2020,RICHMOND HILL HIGH SCHOOL,27Q475,14.4
2020,JOHN ADAMS HIGH SCHOOL,27Q480,14.1
2020,"HIGH SCHOOL FOR CONSTRUCTION TRADES, ENGINEERING AND ARCHITECTURE",27Q650,16
2020,JHS 008 RICHARD S GROSSLEY,28Q008,14.1
2020,PS 040 SAMUEL HUNTINGTON,28Q040,14.3
2020,PS 048 WILLIAM WORDSWORTH,28Q048,14.2
2020,PS 050 TALFOURD LAWN ELEMENTARY SCHOOL,28Q050,15.1
2020,PS 054 HILLSIDE,28Q054,14.4
2020,PS 055 MAURE,28Q055,12.9
2020,CATHERINE & COUNT BASIE MIDDLE SCHOOL 72,28Q072,9.7
2020,PS 80 THE THURGOOD MARSHALL MAGNET SCHOOL OF MULTIMEDIA AND COMMUNICATION,28Q080,14.5
2020,PS 082 HAMMOND,28Q082,14
2020,PS Q086,28Q086,15.2
2020,PS 099 KEW GARDENS,28Q099,13
2020,PS 101 SCHOOL IN THE GARDENS,28Q101,16
2020,PS 117 J KELD / BRIARWOOD SCHOOL,28Q117,16.6
2020,PS 121 QUEENS,28Q121,15.6
2020,PS 139 REGO PARK,28Q139,16.9
2020,PS 140 EDWARD K ELLINGTON,28Q140,15.1
2020,PS 144 COL JEROMUS REMSEN,28Q144,17.6
2020,JHS 157 STEPHEN A HALSEY,28Q157,19.8
2020,PS 160 WALTER FRANCIS BISHOP,28Q160,16.1
2020,PS 161 ARTHUR ASHE SCHOOL,28Q161,14.1
2020,METROPOLITAN EXPEDITIONARY LEARNING SCHOOL,28Q167,12.2
2020,PS 174 WILLIAM SIDNEY MOUNT,28Q174,16.1
2020,PS 175 THE LYNN GROSS DISCOVERY SCHOOL,28Q175,17.2
2020,PS 182 SAMANTHA SMITH,28Q182,13.3
2020,JHS 190 RUSSELL SAGE,28Q190,19.7
2020,PS 196 GRAND CENTRAL PARKWAY,28Q196,18.2
2020,PS 206 THE HORACE HARDING SCHOOL,28Q206,14.6
2020,JHS 217 ROBERT A VAN WYCK,28Q217,18.5
2020,PS 220 EDWARD MANDEL,28Q220,15.7
2020,YORK EARLY COLLEGE ACADEMY,28Q284,20.6
2020,THE EMERSON SCHOOL,28Q287,14.1
2020,THE ACADEMY FOR EXCELLENCE THROUGH THE ARTS,28Q303,15
2020,QUEENS COLLEGIATE: A COLLEGE BOARD SCHOOL,28Q310,14.6
2020,JAMAICA CHILDREN'S SCHOOL,28Q312,10.9
2020,HILLSIDE ARTS & LETTERS ACADEMY,28Q325,15
2020,HIGH SCHOOL FOR COMMUNITY LEADERSHIP,28Q328,14.9
2020,REDWOOD MIDDLE SCHOOL,28Q332,11
2020,QUEENS SATELLITE HIGH SCHOOL FOR OPPORTUNITY,28Q338,15.1
2020,PS 349,28Q349,15.3
2020,JAMAICA GATEWAY TO THE SCIENCES,28Q350,16.1
2020,PS 354,28Q354,14.7
2020,MS 358,28Q358,11.3
2020,FOREST HILLS HIGH SCHOOL,28Q440,16.9
2020,HILLCREST HIGH SCHOOL,28Q505,18.3
2020,THOMAS A EDISON CAREER AND TECHNICAL EDUCATION HIGH SCHOOL,28Q620,17.4
2020,QUEENS GATEWAY TO HEALTH SCIENCES SECONDARY SCHOOL,28Q680,17.5
2020,QUEENS METROPOLITAN HIGH SCHOOL,28Q686,15.8
2020,QUEENS HIGH SCHOOL FOR THE SCIENCES AT YORK COLLEGE,28Q687,19.3
2020,HIGH SCHOOL FOR LAW ENFORCEMENT AND PUBLIC SAFETY,28Q690,13.5
2020,"YOUNG WOMEN'S LEADERSHIP SCHOOL, QUEENS",28Q896,16.6
2020,PS 015 JACKIE ROBINSON,29Q015,17.1
2020,PS 033 EDWARD M FUNK,29Q033,17.1
2020,PS 034 JOHN HARVARD,29Q034,17.5
2020,PS 035 NATHANIEL WOODHULL,29Q035,16.7
2020,PS 036 SAINT ALBANS SCHOOL,29Q036,13.2
2020,CYNTHIA JENKINS SCHOOL,29Q037,13.1
2020,PS 038 ROSEDALE,29Q038,14.1
2020,PS 052 QUEENS,29Q052,12.5
2020,IS 059 SPRINGFIELD GARDENS,29Q059,16.4
2020,PS 095 EASTWOOD,29Q095,17.4
2020,JEAN NUZZI INTERMEDIATE SCHOOL,29Q109,15.1
2020,PS/IS 116 WILLIAM C HUGHLEY,29Q116,14.6
2020,PS 118 LORRAINE HANSBERRY,29Q118,14.6
2020,PS 131 ABIGAIL ADAMS,29Q131,17.4
2020,PS 132 RALPH BUNCHE,29Q132,11.8
2020,PS 134 HOLLIS,29Q134,12.2
2020,THE BELLAIRE SCHOOL,29Q135,15.5
2020,PS 136 ROY WILKINS,29Q136,15.4
2020,PS/ MS138 SUNRISE,29Q138,14.7
2020,PS/MS 147 RONALD MCNAIR,29Q147,13.2
2020,PS 156 LAURELTON,29Q156,15.8
2020,PS 176 CAMBRIA HEIGHTS,29Q176,17.9
2020,PS 181 BROOKFIELD,29Q181,9.7
2020,IS 192 THE LINDEN,29Q192,16.6
2020,PS 195 WILLIAM HABERLE,29Q195,15.9
2020,PS / IS 208,29Q208,16.3
2020,IS 238 - SUSAN B ANTHONY ACADEMY,29Q238,13.2
2020,INSTITUTE FOR HEALTH PROFESSIONS AT CAMBRIA HEIGHTS,29Q243,13.3
2020,QUEENS PREPARATORY ACADEMY,29Q248,11.6
2020,PS 251 QUEENS,29Q251,12.1
2020,PATHWAYS COLLEGE PREPARATORY SCHOOL: A COLLEGE BOARD SCHOOL,29Q259,16.2
2020,EXCELSIOR PREPARATORY HIGH SCHOOL,29Q265,14.6
2020,PS/IS 268,29Q268,14.2
2020,THE GORDON PARKS SCHOOL,29Q270,15.8
2020,GEORGE WASHINGTON CARVER HIGH SCHOOL FOR THE SCIENCES,29Q272,16.2
2020,PREPARATORY ACADEMY FOR WRITERS: A COLLEGE BOARD SCHOOL,29Q283,18
2020,QUEENS UNITED MIDDLE SCHOOL,29Q289,11.5
2020,PS/IS 295,29Q295,13.4
2020,BENJAMIN FRANKLIN HIGH SCHOOL FOR FINANCE & INFORMATION TECHNOLOGY,29Q313,14.2
2020,CAMBRIA HEIGHTS ACADEMY,29Q326,13
2020,EAGLE ACADEMY FOR YOUNG MEN III,29Q327,13.4
2020,COLLABORATIVE ARTS MIDDLE SCHOOL,29Q355,12.4
2020,COMMUNITY VOICES MIDDLE SCHOOL,29Q356,13.8
2020,PS 360,29Q360,19
2020,"MATHEMATICS, SCIENCE RESEARCH AND TECHNOLOGY MAGNET HIGH SCHOOL",29Q492,15.9
2020,HUMANITIES & ARTS MAGNET HIGH SCHOOL,29Q498,15.1
2020,PS 002 ALFRED ZIMBERG,30Q002,15.4
2020,IS 010 HORACE GREELEY,30Q010,13.7
2020,PS 011 KATHRYN PHELAN,30Q011,15
2020,PS 017 HENRY DAVID THOREAU,30Q017,14.1
2020,PS 069 JACKSON HEIGHTS,30Q069,17
2020,PS 070 QUEENS,30Q070,15.5
2020,PS 076 WILLIAM HALLET,30Q076,8.3
2020,PS/IS 78Q,30Q078,15.6
2020,PS 084 STEINWAY,30Q084,13.9
2020,PS 085 JUDGE CHARLES VALLONE,30Q085,18
2020,PS 092 HARRY T STEWART SR,30Q092,13.7
2020,PS 111 JACOB BLACKWELL,30Q111,8.6
2020,PS 112 DUTCH KILLS,30Q112,14.6
2020,PS 122 MAMIE FAY,30Q122,19.6
2020,ALBERT SHANKER SCHOOL FOR VISUAL AND PERFORMING ARTS,30Q126,14.1
2020,PS 127 AEROSPACE SCIENCE MAGNE,30Q127,14.4
2020,IS 141 THE STEINWAY,30Q141,16.1
2020,IS 145 JOSEPH PULITZER,30Q145,14.1
2020,PS 148 QUEENS,30Q148,14.2
2020,PS 149 CHRISTA MCAULIFFE,30Q149,14.6
2020,PS 150 QUEENS,30Q150,16.2
2020,PS 151 MARY D CARTER,30Q151,9.7
2020,PS 152 GWENDOLINE N ALLEYNE SCHOOL,30Q152,15.8
2020,PS 166 HENRY GRADSTEIN,30Q166,17.4
2020,PS 171 PETER G VAN ALST,30Q171,12.3
2020,IS 204 OLIVER W HOLMES,30Q204,9.2
2020,PS 212,30Q212,16
2020,PS Q222 - FIRE FIGHTER CHRISTOPHER A SANTORA SCHOOL,30Q222,16
2020,IS 227 LOUIS ARMSTRONG,30Q227,17.2
2020,PS 228 EARLY CHILDHOOD MAGNET SCHOOL OF THE ARTS,30Q228,12
2020,IS 230,30Q230,13.9
2020,PS 234,30Q234,14.1
2020,ACADEMY FOR NEW AMERICANS,30Q235,9.3
2020,ENERGY TECH HIGH SCHOOL,30Q258,13.2
2020,PS 280,30Q280,13.8
2020,"YOUNG WOMEN'S LEADERSHIP SCHOOL, ASTORIA",30Q286,14.8
2020,HUNTERS POINT COMMUNITY MIDDLE SCHOOL,30Q291,13.1
2020,THE 30TH AVENUE SCHOOL (G&T CITYWIDE),30Q300,18.7
2020,ACADEMY FOR CAREERS IN TELEVISION AND FILM,30Q301,14.2
2020,EAST ELMHURST COMMUNITY SCHOOL,30Q329,12.2
2020,PS 361,30Q361,13
2020,PS 384,30Q384,17.5
2020,PS 398,30Q398,12.5
2020,WILLIAM CULLEN BRYANT HIGH SCHOOL,30Q445,16.1
2020,LONG ISLAND CITY HIGH SCHOOL,30Q450,15.6
2020,FRANK SINATRA SCHOOL OF THE ARTS HIGH SCHOOL,30Q501,15.1
2020,INFORMATION TECHNOLOGY HIGH SCHOOL,30Q502,16.9
2020,NEWCOMERS HIGH SCHOOL,30Q555,15.2
2020,ACADEMY OF AMERICAN STUDIES,30Q575,22
2020,BACCALAUREATE SCHOOL FOR GLOBAL EDUCATION,30Q580,16.5
2020,PS 001 TOTTENVILLE,31R001,13.1
2020,IS R002 GEORGE L EGBERT,31R002,14.1
2020,PS 003 THE MARGARET GIOIOSA SCHOOL,31R003,15.2
2020,PS 004 MAURICE WOLLIN,31R004,9.4
2020,PS 005 HUGUENOT,31R005,13.8
2020,PS 6 CORPORAL ALLAN F KIVLEHAN SCHOOL,31R006,10.5
2020,IS 007 ELIAS BERNSTEIN,31R007,15.8
2020,PS 8 SHIRLEE SOLOMON,31R008,19.4
2020,NAPLES STREET ELEMENTARY SCHOOL,31R009,9.2
2020,FORT HILL COLLABORATIVE ELEMENTARY SCHOOL,31R010,9.8
2020,PS 11 THOMAS DONGAN SCHOOL,31R011,12.5
2020,PS 013 M L LINDEMEYER,31R013,14
2020,PS 016 JOHN J DRISCOLL,31R016,10.6
2020,PS 018 JOHN G WHITTIER,31R018,11.2
2020,PS 019 THE CURTIS SCHOOL,31R019,12.8
2020,PS 020 PORT RICHMOND,31R020,11.6
2020,PS 21 MARGARET EMERY-ELM PARK,31R021,11.1
2020,PS 022 GRANITEVILLE,31R022,13.7
2020,PS 023 RICHMONDTOWN,31R023,13.2
2020,IS 024 MYRA S BARNES,31R024,13.6
2020,PS 026 THE CARTERET SCHOOL,31R026,11.3
2020,IS 027 ANNING S PRALL,31R027,14.9
2020,THE EAGLE ACADEMY FOR YOUNG MEN OF STATEN ISLAND,31R028,10.9
2020,PS 029 BARDWELL,31R029,15.6
2020,PS 030 WESTERLEIGH,31R030,15.1
2020,PS 031 WILLIAM T DAVIS,31R031,10.6
2020,PS 032 THE GIFFORD SCHOOL,31R032,16.5
2020,IS 034 TOTTENVILLE,31R034,13.9
2020,PS 35 THE CLOVE VALLEY SCHOOL,31R035,17.2
2020,PS 036 J C DRUMGOOLE,31R036,15.8
2020,PS 038 GEORGE CROMWELL,31R038,12.4
2020,PS 39 FRANCIS J MURPHY JR,31R039,13.6
2020,PS 041 NEW DORP,31R041,14.9
2020,PS 042 ELTINGVILLE,31R042,16.9
2020,PS 044 THOMAS C BROWN,31R044,12.4
2020,PS 045 JOHN TYLER,31R045,16.2
2020,PS 046 ALBERT V MANISCALCO,31R046,9.7
2020,CSI HIGH SCHOOL FOR INTERNATIONAL STUDIES,31R047,17.3
2020,PS 048 WILLIAM G WILCOX,31R048,15.8
2020,IS 49 BERTA A DREYFUS,31R049,12
2020,PS 050 FRANK HANKINSON,31R050,15.7
2020,IS 051 EDWIN MARKHAM,31R051,13.7
2020,PS 052 JOHN C THOMPSON,31R052,13.4
2020,PS 053 BAY TERRACE,31R053,17.4
2020,PS 054 CHARLES W LENG,31R054,14.9
2020,PS 055 HENRY M BOEHM,31R055,15.5
2020,PS 56 THE LOUIS DESARIO SCHOOL,31R056,13.8
2020,PS 057 HUBERT H HUMPHREY,31R057,14.3
2020,SPACE SHUTTLE COLUMBIA SCHOOL,31R058,15
2020,THE HARBOR VIEW SCHOOL,31R059,11.3
2020,PS 060 ALICE AUSTEN,31R060,14.4
2020,IS 061 WILLIAM A MORRIS,31R061,14.2
2020,PS 62,31R062,15.7
2020,MARSH AVENUE SCHOOL FOR EXPEDITIONARY LEARNING,31R063,13.7
2020,GAYNOR MCCOWN EXPEDITIONARY LEARNING SCHOOL,31R064,10.5
2020,PS 65 THE ACADEMY OF INNOVATIVE LEARNING,31R065,11.6
2020,PORT RICHMOND SCHOOL FOR VISIONARY LEARNING,31R068,15.6
2020,PS 069 DANIEL D TOMPKINS,31R069,9.4
2020,IS 072 ROCCO LAURIE,31R072,13.5
2020,PS 74 FUTURE LEADERS ELEMENTARY SCHOOL,31R074,10.2
2020,IS 075 FRANK D PAULO,31R075,13.2
2020,PS 78,31R078,11
2020,THE MICHAEL J PETRIDES SCHOOL,31R080,15.1
2020,NEW DORP HIGH SCHOOL,31R440,16.3
2020,PORT RICHMOND HIGH SCHOOL,31R445,15.1
2020,CURTIS HIGH SCHOOL,31R450,16.4
2020,TOTTENVILLE HIGH SCHOOL,31R455,17.8
2020,SUSAN E WAGNER HIGH SCHOOL,31R460,18.3
2020,CONCORD HIGH SCHOOL,31R470,12.3
2020,RALPH R MCKEE CAREER AND TECHNICAL EDUCATION HIGH SCHOOL,31R600,13.1
2020,STATEN ISLAND TECHNICAL HIGH SCHOOL,31R605,21.5
2020,STATEN ISLAND SCHOOL OF CIVIC LEADERSHIP,31R861,13.7
2020,PS/IS 045 HORACE E GREENE,32K045,13.4
2020,PS 075 MAYDA CORTIELLA,32K075,9.8
2020,PS 086 THE IRVINGTON,32K086,12.6
2020,PS 106 EDWARD EVERETT HALE,32K106,9.6
2020,PS 116 ELIZABETH L FARRELL,32K116,11.6
2020,PS 123 SUYDAM,32K123,12.9
2020,PS 145 ANDREW JACKSON,32K145,12.5
2020,PS 151 LYNDON B JOHNSON,32K151,11.7
2020,JHS 162 THE WILLOUGHBY,32K162,9.7
2020,THE BROOKLYN SCHOOL FOR MATH AND RESEARCH,32K168,16.7
2020,PS 274 KOSCIUSKO,32K274,14.8
2020,JHS 291 ROLAND HAYES,32K291,10.6
2020,PS 299 THOMAS WARREN FIELD,32K299,11.3
2020,IS 347 SCHOOL OF HUMANITIES,32K347,12.4
2020,"IS 349 MATH, SCIENCE & TECH",32K349,12.4
2020,PS 376,32K376,14.7
2020,PS 377 ALEJANDRINA B DE GAUTIER,32K377,10.9
2020,JHS 383 PHILIPPA SCHUYLER,32K383,13.7
2020,PS /IS 384 FRANCES E CARTER,32K384,11.5
2020,ACADEMY FOR ENVIRONMENTAL LEADERSHIP,32K403,13.1
2020,EBC HIGH SCHOOL FOR PUBLIC SERVICE - BUSHWICK,32K545,13.9
2020,BUSHWICK SCHOOL FOR SOCIAL JUSTICE,32K549,10.8
2020,ACADEMY OF URBAN PLANNING,32K552,12.2
2020,ALL CITY LEADERSHIP SECONDARY SCHOOL,32K554,21.3
2020,BUSHWICK LEADERS HIGH SCHOOL FOR ACADEMIC EXCELLENCE,32K556,11.5
2020,EVERGREEN MIDDLE SCHOOL FOR URBAN EXPLORATION,32K562,12.1
2020,BUSHWICK COMMUNITY HIGH SCHOOL,32K564,12.4